sales_id,created_at,end_at,status,product_id,customer_id,quantity,sales_subtotal,updated_at,medio_de_pago,bank_origin
158,16/09/2025 9:15,16/09/2025 9:15,created,478,12,3,150.0,16/09/2025 9:15,Transferencia bancaria,  Pichincha  
352,16/09/2025 19:43,16/09/2025 19:43,created,1073,26,1,199.99,16/09/2025 19:43,Transferencia bancaria, Scotiabank
1660,16/09/2025 23:11,16/09/2025 23:11,created,957,126,1,299.98,16/09/2025 23:11,digital,PliN
1850,16/09/2025 4:24,16/09/2025 4:24,created,478,142,3,150.0,16/09/2025 4:24,efectivo,efectivo
2150,16/09/2025 21:09,16/09/2025 21:09,created,379,170,1,129.99,16/09/2025 21:09,Transferencia bancaria,BBVA   
2609,16/09/2025 20:55,16/09/2025 20:55,created,1073,200,1,199.99,16/09/2025 20:55,digital,pLin
3127,16/09/2025 5:56,16/09/2025 5:56,created,134,234,5,125.0,16/09/2025 5:56,Transferencia bancaria,bcp
3160,16/09/2025 3:41,16/09/2025 3:41,created,1014,238,5,249.9,16/09/2025 3:41,efectivo,efectivo
3173,16/09/2025 1:14,16/09/2025 1:14,created,478,238,3,150.0,16/09/2025 1:14,efectivo,efectivo
3243,16/09/2025 11:14,16/09/2025 11:14,created,957,242,1,299.98,16/09/2025 11:14,Transferencia bancaria,PichinchA
3302,16/09/2025 5:19,16/09/2025 5:19,created,1004,246,1,399.98,16/09/2025 5:19,efectivo,efectivo
5190,16/09/2025 22:38,16/09/2025 22:38,created,1014,380,5,249.9,16/09/2025 22:38,efectivo,efectivo
5410,16/09/2025 12:55,16/09/2025 12:55,created,191,395,1,99.99,16/09/2025 12:55,efectivo,efectivo
6923,16/09/2025 7:37,16/09/2025 7:37,created,579,500,3,119.97,16/09/2025 7:37,efectivo,efectivo
7042,16/09/2025 11:48,16/09/2025 11:48,created,1014,509,4,199.92,16/09/2025 11:48,efectivo,efectivo
7259,16/09/2025 3:25,16/09/2025 3:25,created,1004,525,1,399.98,16/09/2025 3:25,digital,pLin
7558,16/09/2025 1:40,16/09/2025 1:40,created,341,546,4,239.96,16/09/2025 1:40,Transferencia bancaria, BCP   
7606,16/09/2025 23:23,16/09/2025 23:23,created,957,549,1,299.98,16/09/2025 23:23,digital,pLin
8996,16/09/2025 9:15,16/09/2025 9:15,created,191,647,1,99.99,16/09/2025 9:15,digital,pLin
10105,16/09/2025 4:50,16/09/2025 4:50,created,478,729,1,50.0,16/09/2025 4:50,Transferencia bancaria,pichincha
10782,16/09/2025 20:57,16/09/2025 20:57,created,1073,774,1,199.99,16/09/2025 20:57,digital,PliN
11455,16/09/2025 11:21,25/09/2025 0:33,finalized,379,827,1,129.99,25/09/2025 0:33,efectivo,efectivo
12098,16/09/2025 20:10,23/09/2025 17:21,finalized,1073,871,1,199.99,23/09/2025 17:21,Transferencia bancaria,PichinchA
12327,16/09/2025 23:47,23/09/2025 11:46,finalized,341,888,1,59.99,23/09/2025 11:46,digital,pLin
12543,16/09/2025 5:49,25/09/2025 19:33,finalized,1014,908,1,49.98,25/09/2025 19:33,Transferencia bancaria,IntERBANK 
12852,16/09/2025 8:29,25/09/2025 12:53,finalized,341,931,4,239.96,25/09/2025 12:53,efectivo,efectivo
13100,16/09/2025 9:18,22/09/2025 15:52,finalized,341,947,4,239.96,22/09/2025 15:52,digital,PliN
13229,16/09/2025 4:45,19/09/2025 4:56,finalized,1004,956,1,399.98,19/09/2025 4:56,digital,yapE
13496,16/09/2025 20:55,21/09/2025 9:10,finalized,478,975,2,100.0,21/09/2025 9:10,Transferencia bancaria,IntERBANK 
14325,16/09/2025 19:28,23/09/2025 23:10,finalized,1014,1032,2,99.96,23/09/2025 23:10,digital,YAPe
14822,16/09/2025 15:13,23/09/2025 23:50,finalized,1073,1074,1,199.99,23/09/2025 23:50,efectivo,efectivo
16053,16/09/2025 14:14,21/09/2025 9:18,finalized,341,1164,5,299.95,21/09/2025 9:18,Transferencia bancaria,scotiabank
16437,16/09/2025 23:10,23/09/2025 23:19,finalized,379,1196,1,129.99,23/09/2025 23:19,efectivo,efectivo
18543,16/09/2025 17:33,22/09/2025 4:04,finalized,1004,1357,1,399.98,22/09/2025 4:04,digital,YAPe
18878,16/09/2025 8:53,23/09/2025 2:17,finalized,1004,1379,1,399.98,23/09/2025 2:17,digital,pLin
18970,16/09/2025 9:57,23/09/2025 12:03,finalized,191,1383,2,199.98,23/09/2025 12:03,Transferencia bancaria,BCP
20133,16/09/2025 19:57,25/09/2025 19:39,finalized,341,1473,3,179.97,25/09/2025 19:39,digital,PliN
20389,16/09/2025 7:17,21/09/2025 3:01,finalized,1004,1493,1,399.98,21/09/2025 3:01,efectivo,efectivo
20444,16/09/2025 22:59,24/09/2025 12:11,finalized,1004,1496,1,399.98,24/09/2025 12:11,digital,pLin
20699,16/09/2025 12:14,27/09/2025 7:36,finalized,341,1512,2,119.98,27/09/2025 7:36,digital,pLin
20708,16/09/2025 4:52,21/09/2025 9:35,finalized,957,1513,1,299.98,21/09/2025 9:35,digital,pLin
21027,16/09/2025 3:28,19/09/2025 23:48,finalized,191,1535,4,399.96,19/09/2025 23:48,digital,PliN
21120,16/09/2025 7:06,25/09/2025 23:10,finalized,478,1541,1,50.0,25/09/2025 23:10,digital,YAPe
21821,16/09/2025 6:45,19/09/2025 11:07,finalized,723,1587,5,199.95,19/09/2025 11:07,Transferencia bancaria,IntERBANK 
22016,16/09/2025 22:41,25/09/2025 22:55,finalized,1004,1599,1,399.98,25/09/2025 22:55,efectivo,efectivo
22321,16/09/2025 9:00,25/09/2025 4:46,finalized,478,1619,5,250.0,25/09/2025 4:46,digital,pLin
22437,16/09/2025 19:19,27/09/2025 5:14,finalized,478,1627,1,50.0,27/09/2025 5:14,Transferencia bancaria,Interbank
22647,16/09/2025 4:22,23/09/2025 5:50,finalized,379,1641,1,129.99,23/09/2025 5:50,efectivo,efectivo
22926,16/09/2025 5:32,23/09/2025 13:31,finalized,957,1659,1,299.98,23/09/2025 13:31,efectivo,efectivo
23235,16/09/2025 23:18,22/09/2025 14:31,finalized,738,1685,1,179.99,22/09/2025 14:31,efectivo,efectivo
23313,16/09/2025 13:48,25/09/2025 21:14,finalized,1004,1689,1,399.98,25/09/2025 21:14,Transferencia bancaria,  Pichincha  
23489,16/09/2025 1:53,25/09/2025 14:30,finalized,379,1703,1,129.99,25/09/2025 14:30,digital,YAPe
23927,16/09/2025 1:25,20/09/2025 5:06,finalized,379,1735,1,129.99,20/09/2025 5:06,efectivo,efectivo
23963,16/09/2025 22:49,23/09/2025 2:16,finalized,1004,1738,1,399.98,23/09/2025 2:16,Transferencia bancaria,BcP
25596,16/09/2025 9:46,22/09/2025 11:18,finalized,478,1845,4,200.0,22/09/2025 11:18,Transferencia bancaria,  Pichincha  
25916,16/09/2025 14:18,21/09/2025 3:42,finalized,341,1865,2,119.98,21/09/2025 3:42,Transferencia bancaria,bbvA
26138,16/09/2025 17:59,23/09/2025 15:47,finalized,1004,1882,1,399.98,23/09/2025 15:47,efectivo,efectivo
27022,16/09/2025 6:11,23/09/2025 19:03,finalized,478,1937,4,200.0,23/09/2025 19:03,efectivo,efectivo
27384,16/09/2025 21:13,22/09/2025 12:13,finalized,1073,1962,1,199.99,22/09/2025 12:13,Transferencia bancaria,BBVA   
28373,16/09/2025 8:43,26/09/2025 13:36,finalized,341,2030,4,239.96,26/09/2025 13:36,Transferencia bancaria,Scotiabank
28541,16/09/2025 20:53,27/09/2025 18:37,finalized,1073,2044,1,199.99,27/09/2025 18:37,Transferencia bancaria,bbvA
29092,16/09/2025 23:09,22/09/2025 15:26,finalized,379,2084,1,129.99,22/09/2025 15:26,Transferencia bancaria,scotiabank
29122,16/09/2025 20:28,23/09/2025 1:43,finalized,478,2086,1,50.0,23/09/2025 1:43,Transferencia bancaria, BCP   
29521,16/09/2025 2:07,20/09/2025 18:20,finalized,341,2115,3,179.97,20/09/2025 18:20,digital,pLin
29648,16/09/2025 19:44,19/09/2025 20:14,finalized,957,2125,1,299.98,19/09/2025 20:14,digital,YAPe
29791,16/09/2025 14:18,21/09/2025 21:07,finalized,917,2134,2,43.98,21/09/2025 21:07,digital,PliN
31350,16/09/2025 1:01,19/09/2025 19:05,finalized,541,2245,2,140.0,19/09/2025 19:05,Transferencia bancaria,BCP
31499,16/09/2025 21:09,25/09/2025 13:39,finalized,1073,2256,1,199.99,25/09/2025 13:39,Transferencia bancaria,IntERBANK 
31664,16/09/2025 11:16,23/09/2025 11:18,finalized,1014,2269,4,199.92,23/09/2025 11:18,Transferencia bancaria,scotiabank
31686,16/09/2025 23:09,22/09/2025 15:54,finalized,1014,2271,1,49.98,22/09/2025 15:54,Transferencia bancaria,scotiabank
32309,16/09/2025 12:13,20/09/2025 4:36,finalized,957,2316,1,299.98,20/09/2025 4:36,digital,PliN
32495,16/09/2025 6:39,26/09/2025 0:28,finalized,379,2327,1,129.99,26/09/2025 0:28,digital,YAPe
32543,16/09/2025 10:03,26/09/2025 12:03,finalized,1004,2330,1,399.98,26/09/2025 12:03,Transferencia bancaria,Scotiabank
32895,16/09/2025 16:57,25/09/2025 21:55,finalized,1004,2362,1,399.98,25/09/2025 21:55,digital,yapE
33032,16/09/2025 9:39,25/09/2025 0:49,finalized,478,2368,4,200.0,25/09/2025 0:49,efectivo,efectivo
33457,16/09/2025 23:30,21/09/2025 9:21,finalized,478,2401,4,200.0,21/09/2025 9:21,digital,yapE
33815,16/09/2025 2:41,19/09/2025 15:06,finalized,1073,2429,1,199.99,19/09/2025 15:06,digital,PliN
34469,16/09/2025 17:02,27/09/2025 7:03,finalized,1073,2473,1,199.99,27/09/2025 7:03,efectivo,efectivo
34755,16/09/2025 19:40,25/09/2025 5:41,finalized,1004,2495,1,399.98,25/09/2025 5:41,digital,YAPe
35318,16/09/2025 2:12,21/09/2025 9:53,finalized,957,2538,1,299.98,21/09/2025 9:53,digital,YAPe
35534,16/09/2025 8:08,24/09/2025 21:40,finalized,1004,2555,1,399.98,24/09/2025 21:40,Transferencia bancaria,IntERBANK 
35898,16/09/2025 20:16,25/09/2025 22:22,finalized,957,2582,1,299.98,25/09/2025 22:22,efectivo,efectivo
35899,16/09/2025 2:10,22/09/2025 11:25,finalized,579,2582,1,39.99,22/09/2025 11:25,digital,yapE
36156,16/09/2025 20:51,21/09/2025 2:51,finalized,579,2600,5,199.95,21/09/2025 2:51,Transferencia bancaria,scotiabank
36219,16/09/2025 10:55,22/09/2025 10:59,finalized,957,2606,1,299.98,22/09/2025 10:59,digital,PliN
37195,16/09/2025 3:12,22/09/2025 5:16,finalized,478,2674,1,50.0,22/09/2025 5:16,digital,YAPe
37725,16/09/2025 11:18,27/09/2025 2:41,finalized,478,2713,1,50.0,27/09/2025 2:41,Transferencia bancaria,IntERBANK 
37864,16/09/2025 8:52,20/09/2025 22:54,finalized,1014,2723,5,249.9,20/09/2025 22:54,digital,pLin
37914,16/09/2025 3:18,24/09/2025 8:52,finalized,579,2725,5,199.95,24/09/2025 8:52,Transferencia bancaria,bbvA
38241,16/09/2025 11:02,25/09/2025 5:34,finalized,1014,2750,4,199.92,25/09/2025 5:34,Transferencia bancaria, Scotiabank
38265,16/09/2025 14:51,23/09/2025 6:36,finalized,1073,2751,1,199.99,23/09/2025 6:36,digital,yapE
38394,16/09/2025 19:02,23/09/2025 12:05,finalized,1004,2759,1,399.98,23/09/2025 12:05,digital,pLin
38564,16/09/2025 8:34,23/09/2025 9:36,finalized,379,2770,1,129.99,23/09/2025 9:36,efectivo,efectivo
38938,16/09/2025 3:39,26/09/2025 17:05,finalized,787,2796,5,159.95,26/09/2025 17:05,efectivo,efectivo
39685,16/09/2025 23:54,25/09/2025 7:58,finalized,957,2848,1,299.98,25/09/2025 7:58,Transferencia bancaria,IntERBANK 
40535,16/09/2025 23:15,23/09/2025 18:28,finalized,341,2914,4,239.96,23/09/2025 18:28,efectivo,efectivo
41116,16/09/2025 13:42,20/09/2025 3:21,finalized,1004,2960,1,399.98,20/09/2025 3:21,digital,pLin
41540,16/09/2025 10:51,21/09/2025 9:25,finalized,1014,2995,2,99.96,21/09/2025 9:25,Transferencia bancaria,BBVA   
42802,16/09/2025 2:01,22/09/2025 21:09,finalized,1073,3098,1,199.99,22/09/2025 21:09,efectivo,efectivo
42925,16/09/2025 0:37,25/09/2025 15:53,finalized,1004,3106,1,399.98,25/09/2025 15:53,Transferencia bancaria,scotiabank
43041,16/09/2025 20:34,27/09/2025 6:08,finalized,1014,3117,4,199.92,27/09/2025 6:08,efectivo,efectivo
44473,16/09/2025 18:04,25/09/2025 20:36,finalized,1004,3213,1,399.98,25/09/2025 20:36,digital,YAPe
44803,16/09/2025 1:30,23/09/2025 2:40,finalized,1004,3234,1,399.98,23/09/2025 2:40,Transferencia bancaria,Interbank
45630,16/09/2025 0:21,23/09/2025 12:16,finalized,957,3296,1,299.98,23/09/2025 12:16,digital,pLin
45791,16/09/2025 22:58,23/09/2025 1:41,finalized,341,3304,3,179.97,23/09/2025 1:41,Transferencia bancaria,BCP
46166,16/09/2025 11:35,21/09/2025 15:35,finalized,579,3333,2,79.98,21/09/2025 15:35,Transferencia bancaria,IntERBANK 
46850,16/09/2025 22:14,24/09/2025 17:28,finalized,379,3382,1,129.99,24/09/2025 17:28,Transferencia bancaria,bcp
47060,16/09/2025 18:25,21/09/2025 14:34,finalized,379,3399,1,129.99,21/09/2025 14:34,Transferencia bancaria,  Pichincha  
48017,16/09/2025 21:29,21/09/2025 9:45,finalized,379,3466,1,129.99,21/09/2025 9:45,digital,yapE
48327,16/09/2025 1:18,20/09/2025 8:25,finalized,777,3489,1,31.99,20/09/2025 8:25,efectivo,efectivo
48901,16/09/2025 5:24,26/09/2025 4:41,finalized,191,3528,3,299.97,26/09/2025 4:41,Transferencia bancaria,Scotiabank
49296,16/09/2025 21:56,23/09/2025 12:40,finalized,543,3553,2,50.0,23/09/2025 12:40,efectivo,efectivo
49417,16/09/2025 9:49,19/09/2025 11:09,finalized,379,3560,1,129.99,19/09/2025 11:09,digital,YAPe
49550,16/09/2025 7:04,19/09/2025 23:25,finalized,1014,3570,3,149.94,19/09/2025 23:25,efectivo,efectivo
49906,16/09/2025 3:00,24/09/2025 16:15,finalized,1073,3594,1,199.99,24/09/2025 16:15,digital,PliN
50241,16/09/2025 11:42,20/09/2025 15:55,finalized,1004,3618,1,399.98,20/09/2025 15:55,efectivo,efectivo
51515,16/09/2025 22:39,21/09/2025 13:15,finalized,1073,3710,1,199.99,21/09/2025 13:15,efectivo,efectivo
51741,16/09/2025 1:44,22/09/2025 17:59,finalized,1004,3725,1,399.98,22/09/2025 17:59,efectivo,efectivo
51757,16/09/2025 5:31,19/09/2025 15:31,finalized,478,3726,1,50.0,19/09/2025 15:31,efectivo,efectivo
52737,16/09/2025 23:41,27/09/2025 13:52,finalized,540,3800,4,120.0,27/09/2025 13:52,efectivo,efectivo
53346,16/09/2025 19:10,27/09/2025 15:39,finalized,745,3850,5,74.95,27/09/2025 15:39,digital,YAPe
53725,16/09/2025 10:13,27/09/2025 5:11,finalized,191,3881,3,299.97,27/09/2025 5:11,efectivo,efectivo
53802,16/09/2025 2:12,20/09/2025 19:05,finalized,341,3886,3,179.97,20/09/2025 19:05,digital,yapE
53900,16/09/2025 15:08,26/09/2025 3:06,finalized,1004,3893,1,399.98,26/09/2025 3:06,Transferencia bancaria,  Pichincha  
53976,16/09/2025 5:43,24/09/2025 16:03,finalized,957,3900,1,299.98,24/09/2025 16:03,Transferencia bancaria,SCOTIABANK
53997,16/09/2025 20:33,25/09/2025 1:29,finalized,861,3901,3,74.97,25/09/2025 1:29,digital,YAPe
54256,16/09/2025 0:07,23/09/2025 10:01,finalized,1073,3921,1,199.99,23/09/2025 10:01,efectivo,efectivo
55233,16/09/2025 16:19,24/09/2025 9:44,finalized,1004,3985,1,399.98,24/09/2025 9:44,digital,yapE
55404,16/09/2025 23:04,23/09/2025 15:37,finalized,1014,3998,3,149.94,23/09/2025 15:37,efectivo,efectivo
56167,16/09/2025 17:25,19/09/2025 21:37,finalized,191,4051,3,299.97,19/09/2025 21:37,digital,PliN
56609,16/09/2025 0:19,22/09/2025 0:04,finalized,341,4088,3,179.97,22/09/2025 0:04,digital,yapE
56880,16/09/2025 15:25,26/09/2025 9:39,finalized,341,4108,5,299.95,26/09/2025 9:39,efectivo,efectivo
56916,16/09/2025 9:07,24/09/2025 10:39,finalized,379,4110,1,129.99,24/09/2025 10:39,efectivo,efectivo
57311,16/09/2025 22:54,22/09/2025 12:03,finalized,579,4140,2,79.98,22/09/2025 12:03,Transferencia bancaria,  Pichincha  
57842,16/09/2025 0:52,19/09/2025 7:00,finalized,541,4181,5,350.0,19/09/2025 7:00,digital,pLin
58268,16/09/2025 14:15,23/09/2025 20:31,finalized,1014,4207,2,99.96,23/09/2025 20:31,Transferencia bancaria,pichincha
58397,16/09/2025 3:46,20/09/2025 9:10,finalized,191,4215,2,199.98,20/09/2025 9:10,Transferencia bancaria,BCP
59013,16/09/2025 3:23,21/09/2025 13:01,finalized,1004,4257,1,399.98,21/09/2025 13:01,efectivo,efectivo
59152,16/09/2025 15:00,22/09/2025 21:54,finalized,1014,4268,2,99.96,22/09/2025 21:54,digital,yapE
59399,16/09/2025 2:42,24/09/2025 21:33,finalized,1004,4284,1,399.98,24/09/2025 21:33,digital,PliN
59433,16/09/2025 8:06,21/09/2025 2:47,finalized,1073,4288,1,199.99,21/09/2025 2:47,efectivo,efectivo
60031,16/09/2025 19:07,26/09/2025 17:28,finalized,1004,4330,1,399.98,26/09/2025 17:28,Transferencia bancaria,pichincha
60064,16/09/2025 19:34,25/09/2025 6:21,finalized,957,4332,1,299.98,25/09/2025 6:21,digital,YAPe
60255,16/09/2025 2:27,20/09/2025 8:46,finalized,579,4346,2,79.98,20/09/2025 8:46,digital,pLin
60449,16/09/2025 22:15,25/09/2025 9:33,finalized,957,4362,1,299.98,25/09/2025 9:33,Transferencia bancaria,bbvA
60691,16/09/2025 21:14,26/09/2025 11:51,finalized,1014,4381,2,99.96,26/09/2025 11:51,Transferencia bancaria,BcP
60721,16/09/2025 21:37,26/09/2025 20:14,finalized,341,4382,1,59.99,26/09/2025 20:14,digital,pLin
60931,16/09/2025 1:47,22/09/2025 18:03,finalized,478,4398,2,100.0,22/09/2025 18:03,Transferencia bancaria,bbvA
60939,16/09/2025 12:35,23/09/2025 22:14,finalized,1014,4399,4,199.92,23/09/2025 22:14,Transferencia bancaria,pichincha
61101,16/09/2025 17:43,24/09/2025 12:53,finalized,341,4407,3,179.97,24/09/2025 12:53,efectivo,efectivo
61325,16/09/2025 3:18,22/09/2025 23:03,finalized,957,4423,1,299.98,22/09/2025 23:03,Transferencia bancaria,BBVA   
61466,16/09/2025 9:23,26/09/2025 4:36,finalized,341,4433,4,239.96,26/09/2025 4:36,Transferencia bancaria,Interbank
61862,16/09/2025 2:04,20/09/2025 8:23,finalized,191,4460,4,399.96,20/09/2025 8:23,digital,PliN
62018,16/09/2025 20:33,26/09/2025 23:08,finalized,191,4470,4,399.96,26/09/2025 23:08,Transferencia bancaria, BCP   
62310,16/09/2025 6:12,24/09/2025 5:40,finalized,191,4490,4,399.96,24/09/2025 5:40,Transferencia bancaria,BBVA   
62352,16/09/2025 7:41,24/09/2025 17:27,finalized,543,4492,5,125.0,24/09/2025 17:27,digital,pLin
62521,16/09/2025 15:44,27/09/2025 9:47,finalized,957,4505,1,299.98,27/09/2025 9:47,Transferencia bancaria,BBVA   
62695,16/09/2025 19:09,27/09/2025 9:37,finalized,1014,4517,2,99.96,27/09/2025 9:37,digital,PliN
62698,16/09/2025 10:58,26/09/2025 3:07,finalized,1004,4517,1,399.98,26/09/2025 3:07,digital,PliN
63160,16/09/2025 15:22,21/09/2025 18:14,finalized,1014,4550,2,99.96,21/09/2025 18:14,Transferencia bancaria,scotiabank
63416,16/09/2025 1:46,20/09/2025 18:11,finalized,341,4567,2,119.98,20/09/2025 18:11,digital,YAPe
64018,16/09/2025 2:15,22/09/2025 21:03,finalized,957,4611,1,299.98,22/09/2025 21:03,Transferencia bancaria,BBVA   
64495,16/09/2025 2:28,20/09/2025 4:09,finalized,629,4653,2,199.98,20/09/2025 4:09,digital,pLin
65763,16/09/2025 14:16,21/09/2025 4:53,finalized,341,4742,1,59.99,21/09/2025 4:53,Transferencia bancaria,Interbank
66357,16/09/2025 18:05,19/09/2025 23:06,finalized,862,4786,5,124.95,19/09/2025 23:06,Transferencia bancaria, Scotiabank
66794,16/09/2025 22:07,21/09/2025 13:29,finalized,1073,4819,1,199.99,21/09/2025 13:29,efectivo,efectivo
67646,16/09/2025 9:29,20/09/2025 0:17,finalized,341,4884,2,119.98,20/09/2025 0:17,efectivo,efectivo
67872,16/09/2025 17:39,23/09/2025 20:56,finalized,1004,4903,1,399.98,23/09/2025 20:56,Transferencia bancaria,BBVA   
68980,16/09/2025 14:30,22/09/2025 16:50,finalized,1073,4977,1,199.99,22/09/2025 16:50,digital,YAPe
69051,16/09/2025 0:53,22/09/2025 19:46,finalized,341,4983,5,299.95,22/09/2025 19:46,Transferencia bancaria, BCP   
70234,16/09/2025 14:49,22/09/2025 3:10,finalized,579,5061,1,39.99,22/09/2025 3:10,Transferencia bancaria, Scotiabank
71013,16/09/2025 3:06,26/09/2025 18:45,finalized,379,5116,1,129.99,26/09/2025 18:45,Transferencia bancaria,bcp
72441,16/09/2025 21:37,25/09/2025 9:15,finalized,579,5216,2,79.98,25/09/2025 9:15,Transferencia bancaria,BcP
74132,16/09/2025 13:32,23/09/2025 18:57,finalized,341,5329,1,59.99,23/09/2025 18:57,digital,YAPe
74592,16/09/2025 23:25,22/09/2025 1:00,finalized,341,5366,5,299.95,22/09/2025 1:00,Transferencia bancaria,BCP
74709,16/09/2025 14:31,23/09/2025 19:04,finalized,379,5373,1,129.99,23/09/2025 19:04,Transferencia bancaria,BcP
74726,16/09/2025 2:02,22/09/2025 2:47,finalized,478,5375,2,100.0,22/09/2025 2:47,efectivo,efectivo
74885,16/09/2025 1:56,26/09/2025 0:05,finalized,1004,5388,1,399.98,26/09/2025 0:05,efectivo,efectivo
76541,16/09/2025 0:05,23/09/2025 19:54,finalized,341,5503,3,179.97,23/09/2025 19:54,digital,pLin
78162,16/09/2025 8:01,22/09/2025 14:47,finalized,1073,5618,1,199.99,22/09/2025 14:47,efectivo,efectivo
78794,16/09/2025 1:39,25/09/2025 9:52,finalized,957,5656,1,299.98,25/09/2025 9:52,efectivo,efectivo
79231,16/09/2025 3:17,26/09/2025 14:59,finalized,379,5682,1,129.99,26/09/2025 14:59,digital,yapE
79460,16/09/2025 6:03,26/09/2025 3:21,finalized,1004,5696,1,399.98,26/09/2025 3:21,efectivo,efectivo
81831,16/09/2025 14:49,20/09/2025 18:30,finalized,1014,5857,4,199.92,20/09/2025 18:30,digital,PliN
82211,16/09/2025 18:55,23/09/2025 23:14,finalized,478,5878,3,150.0,23/09/2025 23:14,efectivo,efectivo
82326,16/09/2025 20:52,24/09/2025 9:58,finalized,478,5888,5,250.0,24/09/2025 9:58,digital,YAPe
82977,16/09/2025 14:16,19/09/2025 17:23,finalized,977,5936,4,119.96,19/09/2025 17:23,Transferencia bancaria,Interbank
83106,16/09/2025 15:45,20/09/2025 10:29,finalized,379,5944,1,129.99,20/09/2025 10:29,efectivo,efectivo
83490,16/09/2025 9:13,23/09/2025 2:02,finalized,478,5972,3,150.0,23/09/2025 2:02,efectivo,efectivo
83634,16/09/2025 0:26,23/09/2025 20:43,finalized,1014,5983,4,199.92,23/09/2025 20:43,Transferencia bancaria,  Pichincha  
83753,16/09/2025 0:11,26/09/2025 8:39,finalized,341,5990,2,119.98,26/09/2025 8:39,efectivo,efectivo
84006,16/09/2025 6:46,26/09/2025 13:50,finalized,957,6011,1,299.98,26/09/2025 13:50,Transferencia bancaria, Scotiabank
84046,16/09/2025 3:10,19/09/2025 16:49,finalized,1073,6014,1,199.99,19/09/2025 16:49,digital,YAPe
84053,16/09/2025 1:32,23/09/2025 19:42,finalized,862,6014,4,99.96,23/09/2025 19:42,efectivo,efectivo
84056,16/09/2025 14:42,27/09/2025 0:29,finalized,579,6014,5,199.95,27/09/2025 0:29,Transferencia bancaria,BCP
84256,16/09/2025 6:36,27/09/2025 4:41,finalized,1073,6028,1,199.99,27/09/2025 4:41,digital,pLin
84944,16/09/2025 22:28,23/09/2025 12:08,finalized,478,6081,4,200.0,23/09/2025 12:08,digital,pLin
85193,16/09/2025 9:34,23/09/2025 11:25,finalized,191,6097,1,99.99,23/09/2025 11:25,efectivo,efectivo
85742,16/09/2025 0:23,22/09/2025 8:42,finalized,341,6137,4,239.96,22/09/2025 8:42,efectivo,efectivo
86079,16/09/2025 20:48,24/09/2025 15:04,finalized,957,6163,1,299.98,24/09/2025 15:04,digital,pLin
87004,16/09/2025 18:46,24/09/2025 10:48,finalized,478,6233,4,200.0,24/09/2025 10:48,efectivo,efectivo
87071,16/09/2025 10:56,24/09/2025 18:18,finalized,191,6238,3,299.97,24/09/2025 18:18,efectivo,efectivo
87125,16/09/2025 12:21,22/09/2025 1:44,finalized,1004,6242,1,399.98,22/09/2025 1:44,Transferencia bancaria,Scotiabank
87148,16/09/2025 18:06,23/09/2025 12:40,finalized,191,6243,1,99.99,23/09/2025 12:40,efectivo,efectivo
87596,16/09/2025 6:04,20/09/2025 3:42,finalized,1004,6275,1,399.98,20/09/2025 3:42,efectivo,efectivo
87709,16/09/2025 0:14,25/09/2025 1:15,finalized,957,6281,1,299.98,25/09/2025 1:15,Transferencia bancaria,PichinchA
89279,16/09/2025 10:54,26/09/2025 8:28,finalized,249,6390,4,219.88,26/09/2025 8:28,efectivo,efectivo
89543,16/09/2025 14:37,26/09/2025 11:45,finalized,1004,6408,1,399.98,26/09/2025 11:45,Transferencia bancaria,BBVA   
90203,16/09/2025 11:54,26/09/2025 11:52,finalized,191,6451,5,499.95,26/09/2025 11:52,Transferencia bancaria,bbvA
91615,16/09/2025 10:00,24/09/2025 4:42,finalized,478,6557,5,250.0,24/09/2025 4:42,digital,PliN
92251,16/09/2025 10:33,26/09/2025 23:37,finalized,172,6602,1,30.0,26/09/2025 23:37,Transferencia bancaria,Scotiabank
92386,16/09/2025 1:43,22/09/2025 20:37,finalized,881,6615,3,74.97,22/09/2025 20:37,digital,YAPe
92410,16/09/2025 4:11,22/09/2025 12:52,finalized,1073,6616,1,199.99,22/09/2025 12:52,efectivo,efectivo
92938,16/09/2025 13:36,24/09/2025 10:54,finalized,341,6660,4,239.96,24/09/2025 10:54,digital,PliN
93299,16/09/2025 17:20,27/09/2025 12:47,finalized,379,6689,1,129.99,27/09/2025 12:47,efectivo,efectivo
93528,16/09/2025 11:35,19/09/2025 13:36,finalized,379,6704,1,129.99,19/09/2025 13:36,efectivo,efectivo
94035,16/09/2025 17:14,20/09/2025 15:14,finalized,379,6738,1,129.99,20/09/2025 15:14,efectivo,efectivo
94108,16/09/2025 16:41,24/09/2025 21:53,finalized,1014,6744,4,199.92,24/09/2025 21:53,efectivo,efectivo
94289,16/09/2025 19:13,24/09/2025 3:19,finalized,379,6757,1,129.99,24/09/2025 3:19,efectivo,efectivo
94695,16/09/2025 14:23,26/09/2025 13:01,finalized,579,6789,5,199.95,26/09/2025 13:01,digital,pLin
94815,16/09/2025 21:31,25/09/2025 12:18,finalized,957,6799,1,299.98,25/09/2025 12:18,digital,YAPe
95618,16/09/2025 5:22,22/09/2025 1:50,finalized,478,6865,3,150.0,22/09/2025 1:50,efectivo,efectivo
96458,16/09/2025 10:45,20/09/2025 20:07,finalized,379,6926,1,129.99,20/09/2025 20:07,Transferencia bancaria,Interbank
96472,16/09/2025 21:30,24/09/2025 5:59,finalized,478,6927,1,50.0,24/09/2025 5:59,efectivo,efectivo
96984,16/09/2025 1:18,19/09/2025 22:54,finalized,957,6960,1,299.98,19/09/2025 22:54,efectivo,efectivo
97021,16/09/2025 4:12,22/09/2025 7:28,finalized,795,6962,4,399.8,22/09/2025 7:28,efectivo,efectivo
97089,16/09/2025 23:56,23/09/2025 6:30,finalized,379,6968,1,129.99,23/09/2025 6:30,Transferencia bancaria,BCP
97173,16/09/2025 20:03,21/09/2025 0:32,finalized,1014,6974,2,99.96,21/09/2025 0:32,Transferencia bancaria,bcp
97260,16/09/2025 23:43,21/09/2025 11:45,finalized,579,6979,5,199.95,21/09/2025 11:45,digital,yapE
97475,16/09/2025 7:08,19/09/2025 9:33,finalized,579,6995,5,199.95,19/09/2025 9:33,efectivo,efectivo
97611,16/09/2025 3:02,21/09/2025 17:17,finalized,191,7004,1,99.99,21/09/2025 17:17,Transferencia bancaria,Interbank
97850,16/09/2025 9:19,20/09/2025 18:45,finalized,1004,7021,1,399.98,20/09/2025 18:45,efectivo,efectivo
97936,16/09/2025 0:13,23/09/2025 18:11,finalized,478,7028,4,200.0,23/09/2025 18:11,Transferencia bancaria,scotiabank
98739,16/09/2025 22:42,27/09/2025 2:03,finalized,957,7092,1,299.98,27/09/2025 2:03,efectivo,efectivo
98848,16/09/2025 18:14,22/09/2025 20:12,finalized,191,7100,1,99.99,22/09/2025 20:12,efectivo,efectivo
99181,16/09/2025 11:43,26/09/2025 11:58,finalized,957,7126,1,299.98,26/09/2025 11:58,Transferencia bancaria,bcp
99367,16/09/2025 17:21,23/09/2025 5:28,finalized,1014,7143,4,199.92,23/09/2025 5:28,Transferencia bancaria,Interbank
99764,16/09/2025 5:26,24/09/2025 8:09,finalized,795,7175,3,299.85,24/09/2025 8:09,efectivo,efectivo
100601,16/09/2025 0:17,24/09/2025 12:04,finalized,478,7230,4,200.0,24/09/2025 12:04,digital,YAPe
101336,16/09/2025 13:10,24/09/2025 3:10,finalized,341,7285,1,59.99,24/09/2025 3:10,efectivo,efectivo
101563,16/09/2025 19:00,25/09/2025 10:11,finalized,957,7302,1,299.98,25/09/2025 10:11,digital,YAPe
102117,16/09/2025 23:55,24/09/2025 7:28,finalized,579,7344,2,79.98,24/09/2025 7:28,Transferencia bancaria,scotiabank
102475,16/09/2025 7:55,20/09/2025 23:54,finalized,478,7370,3,150.0,20/09/2025 23:54,Transferencia bancaria,IntERBANK 
102488,16/09/2025 9:50,26/09/2025 5:54,finalized,1014,7371,3,149.94,26/09/2025 5:54,digital,PliN
102647,16/09/2025 6:21,25/09/2025 9:00,finalized,1004,7385,1,399.98,25/09/2025 9:00,efectivo,efectivo
102653,16/09/2025 7:30,19/09/2025 8:09,finalized,579,7385,5,199.95,19/09/2025 8:09,Transferencia bancaria,SCOTIABANK
102661,16/09/2025 20:58,21/09/2025 10:49,finalized,795,7386,5,499.75,21/09/2025 10:49,digital,YAPe
102805,16/09/2025 16:05,21/09/2025 10:14,finalized,478,7397,3,150.0,21/09/2025 10:14,digital,yapE
103579,16/09/2025 23:57,26/09/2025 5:15,finalized,341,7453,4,239.96,26/09/2025 5:15,efectivo,efectivo
103599,16/09/2025 6:04,25/09/2025 11:45,finalized,341,7456,3,179.97,25/09/2025 11:45,digital,PliN
103715,16/09/2025 14:30,22/09/2025 20:20,finalized,730,7462,5,124.95,22/09/2025 20:20,efectivo,efectivo
104498,16/09/2025 20:00,26/09/2025 16:33,finalized,1014,7527,2,99.96,26/09/2025 16:33,digital,yapE
104954,16/09/2025 23:55,26/09/2025 18:22,finalized,341,7564,5,299.95,26/09/2025 18:22,digital,pLin
105385,16/09/2025 22:12,24/09/2025 8:49,finalized,379,7597,1,129.99,24/09/2025 8:49,Transferencia bancaria,bbvA
105820,16/09/2025 7:30,21/09/2025 21:08,finalized,478,7631,5,250.0,21/09/2025 21:08,efectivo,efectivo
106064,16/09/2025 23:59,26/09/2025 15:23,finalized,1073,7650,1,199.99,26/09/2025 15:23,Transferencia bancaria,Scotiabank
106337,16/09/2025 10:04,21/09/2025 20:47,finalized,273,7670,2,55.98,21/09/2025 20:47,efectivo,efectivo
106494,16/09/2025 21:50,22/09/2025 14:52,finalized,379,7682,1,129.99,22/09/2025 14:52,digital,PliN
107141,16/09/2025 9:30,22/09/2025 2:47,finalized,1004,7734,1,399.98,22/09/2025 2:47,efectivo,efectivo
107307,16/09/2025 18:22,24/09/2025 1:19,finalized,478,7746,1,50.0,24/09/2025 1:19,digital,PliN
108589,16/09/2025 1:41,26/09/2025 13:09,finalized,478,7841,4,200.0,26/09/2025 13:09,efectivo,efectivo
108665,16/09/2025 0:43,23/09/2025 20:56,finalized,341,7845,1,59.99,23/09/2025 20:56,Transferencia bancaria,Scotiabank
108761,16/09/2025 17:57,20/09/2025 20:49,finalized,957,7852,1,299.98,20/09/2025 20:49,efectivo,efectivo
109017,16/09/2025 6:46,25/09/2025 2:01,finalized,191,7866,3,299.97,25/09/2025 2:01,efectivo,efectivo
109613,16/09/2025 17:28,22/09/2025 7:39,finalized,957,7918,1,299.98,22/09/2025 7:39,efectivo,efectivo
109673,16/09/2025 12:46,25/09/2025 7:46,finalized,723,7922,1,39.99,25/09/2025 7:46,efectivo,efectivo
110624,16/09/2025 5:22,21/09/2025 6:23,finalized,957,7992,1,299.98,21/09/2025 6:23,efectivo,efectivo
110942,16/09/2025 7:57,24/09/2025 8:57,finalized,1004,8014,1,399.98,24/09/2025 8:57,digital,yapE
110992,16/09/2025 12:47,23/09/2025 9:28,finalized,1004,8016,1,399.98,23/09/2025 9:28,digital,yapE
111794,16/09/2025 17:44,25/09/2025 4:34,finalized,478,8080,5,250.0,25/09/2025 4:34,digital,YAPe
111934,16/09/2025 10:03,20/09/2025 1:04,finalized,579,8090,1,39.99,20/09/2025 1:04,digital,pLin
112278,16/09/2025 15:15,26/09/2025 0:11,finalized,1073,8120,1,199.99,26/09/2025 0:11,efectivo,efectivo
112365,16/09/2025 19:59,23/09/2025 14:46,finalized,957,8125,1,299.98,23/09/2025 14:46,Transferencia bancaria,IntERBANK 
112555,16/09/2025 21:12,23/09/2025 14:20,finalized,957,8140,1,299.98,23/09/2025 14:20,efectivo,efectivo
113019,16/09/2025 3:21,21/09/2025 17:19,finalized,957,8174,1,299.98,21/09/2025 17:19,Transferencia bancaria,bbvA
113337,16/09/2025 0:33,23/09/2025 8:26,finalized,44,8196,2,119.98,23/09/2025 8:26,Transferencia bancaria,BCP
114008,16/09/2025 23:03,23/09/2025 3:29,finalized,341,8250,2,119.98,23/09/2025 3:29,Transferencia bancaria,BBVA   
114373,16/09/2025 16:11,25/09/2025 16:35,finalized,341,8277,5,299.95,25/09/2025 16:35,digital,YAPe
114777,16/09/2025 1:20,21/09/2025 22:49,finalized,478,8303,3,150.0,21/09/2025 22:49,digital,pLin
114790,16/09/2025 22:41,22/09/2025 5:10,finalized,1073,8305,1,199.99,22/09/2025 5:10,digital,YAPe
114834,16/09/2025 7:27,25/09/2025 16:49,finalized,379,8308,1,129.99,25/09/2025 16:49,Transferencia bancaria,pichincha
115819,16/09/2025 14:05,25/09/2025 3:09,finalized,379,8381,1,129.99,25/09/2025 3:09,Transferencia bancaria,PichinchA
116073,16/09/2025 7:09,27/09/2025 3:07,finalized,37,8397,3,104.97,27/09/2025 3:07,efectivo,efectivo
116367,16/09/2025 17:22,20/09/2025 3:21,finalized,1014,8420,2,99.96,20/09/2025 3:21,digital,yapE
117672,16/09/2025 17:58,26/09/2025 1:18,finalized,379,8519,1,129.99,26/09/2025 1:18,Transferencia bancaria,BBVA   
117745,16/09/2025 1:38,19/09/2025 16:31,finalized,579,8523,3,119.97,19/09/2025 16:31,efectivo,efectivo
117785,16/09/2025 20:54,26/09/2025 2:15,finalized,1073,8525,1,199.99,26/09/2025 2:15,digital,PliN
117891,16/09/2025 16:23,21/09/2025 16:40,finalized,379,8531,1,129.99,21/09/2025 16:40,digital,YAPe
118300,16/09/2025 18:15,23/09/2025 14:22,finalized,882,8564,1,24.99,23/09/2025 14:22,digital,pLin
118328,16/09/2025 20:34,26/09/2025 7:56,finalized,191,8567,2,199.98,26/09/2025 7:56,efectivo,efectivo
118624,16/09/2025 19:50,22/09/2025 16:33,finalized,93,8589,4,99.96,22/09/2025 16:33,Transferencia bancaria,BCP
119159,16/09/2025 9:12,23/09/2025 16:59,finalized,191,8630,1,99.99,23/09/2025 16:59,Transferencia bancaria,bcp
119515,16/09/2025 10:27,24/09/2025 13:30,finalized,1004,8655,1,399.98,24/09/2025 13:30,digital,pLin
120887,16/09/2025 7:28,27/09/2025 1:44,finalized,1014,8753,4,199.92,27/09/2025 1:44,efectivo,efectivo
121076,16/09/2025 10:48,25/09/2025 18:32,finalized,1004,8764,1,399.98,25/09/2025 18:32,digital,PliN
122534,16/09/2025 6:39,20/09/2025 18:45,finalized,478,8870,4,200.0,20/09/2025 18:45,digital,PliN
122957,16/09/2025 13:28,20/09/2025 0:28,finalized,379,8904,1,129.99,20/09/2025 0:28,digital,PliN
123186,16/09/2025 23:22,24/09/2025 12:24,finalized,957,8920,1,299.98,24/09/2025 12:24,efectivo,efectivo
123887,16/09/2025 8:31,21/09/2025 8:30,finalized,957,8968,1,299.98,21/09/2025 8:30,digital,PliN
123928,16/09/2025 16:01,20/09/2025 7:50,finalized,379,8971,1,129.99,20/09/2025 7:50,digital,PliN
123933,16/09/2025 0:35,25/09/2025 5:32,finalized,191,8971,4,399.96,25/09/2025 5:32,Transferencia bancaria,scotiabank
124371,16/09/2025 12:42,21/09/2025 9:23,finalized,579,9000,4,159.96,21/09/2025 9:23,digital,yapE
125090,16/09/2025 23:36,25/09/2025 13:23,finalized,379,9055,1,129.99,25/09/2025 13:23,efectivo,efectivo
125350,16/09/2025 16:23,25/09/2025 9:26,finalized,341,9073,2,119.98,25/09/2025 9:26,digital,yapE
126009,16/09/2025 9:55,26/09/2025 19:31,finalized,1073,9119,1,199.99,26/09/2025 19:31,efectivo,efectivo
126012,16/09/2025 12:27,24/09/2025 22:32,finalized,1014,9119,1,49.98,24/09/2025 22:32,efectivo,efectivo
126718,16/09/2025 6:31,19/09/2025 17:12,finalized,1014,9171,5,249.9,19/09/2025 17:12,Transferencia bancaria,bbvA
126779,16/09/2025 19:50,24/09/2025 6:11,finalized,341,9175,1,59.99,24/09/2025 6:11,digital,pLin
127301,16/09/2025 13:13,22/09/2025 10:07,finalized,1004,9213,1,399.98,22/09/2025 10:07,efectivo,efectivo
127422,16/09/2025 22:48,27/09/2025 21:26,finalized,478,9223,1,50.0,27/09/2025 21:26,digital,pLin
127507,16/09/2025 5:06,26/09/2025 10:57,finalized,341,9230,1,59.99,26/09/2025 10:57,Transferencia bancaria, Scotiabank
127870,16/09/2025 4:31,23/09/2025 2:28,finalized,379,9253,1,129.99,23/09/2025 2:28,digital,PliN
128193,16/09/2025 13:15,22/09/2025 9:12,finalized,579,9277,3,119.97,22/09/2025 9:12,Transferencia bancaria,  Pichincha  
128627,16/09/2025 5:07,23/09/2025 12:18,finalized,37,9305,3,104.97,23/09/2025 12:18,efectivo,efectivo
129310,16/09/2025 17:13,23/09/2025 3:19,finalized,957,9353,1,299.98,23/09/2025 3:19,digital,yapE
129498,16/09/2025 12:40,21/09/2025 5:04,finalized,926,9367,2,31.98,21/09/2025 5:04,digital,pLin
129583,16/09/2025 17:46,24/09/2025 9:30,finalized,379,9371,1,129.99,24/09/2025 9:30,digital,YAPe
129815,16/09/2025 6:38,19/09/2025 17:20,finalized,478,9384,2,100.0,19/09/2025 17:20,Transferencia bancaria,Scotiabank
129939,16/09/2025 5:37,25/09/2025 2:58,finalized,379,9394,1,129.99,25/09/2025 2:58,efectivo,efectivo
130637,16/09/2025 1:47,20/09/2025 21:36,finalized,667,9448,1,129.99,20/09/2025 21:36,efectivo,efectivo
130866,16/09/2025 4:50,26/09/2025 19:43,finalized,478,9465,1,50.0,26/09/2025 19:43,efectivo,efectivo
131247,16/09/2025 1:25,19/09/2025 2:01,finalized,478,9494,4,200.0,19/09/2025 2:01,efectivo,efectivo
131764,16/09/2025 5:29,27/09/2025 0:32,finalized,744,9528,2,29.98,27/09/2025 0:32,digital,pLin
133277,16/09/2025 7:42,24/09/2025 4:47,finalized,379,9634,1,129.99,24/09/2025 4:47,digital,YAPe
134518,16/09/2025 16:28,25/09/2025 12:40,finalized,1004,9723,1,399.98,25/09/2025 12:40,Transferencia bancaria, Scotiabank
134695,16/09/2025 13:22,22/09/2025 21:24,finalized,379,9732,1,129.99,22/09/2025 21:24,efectivo,efectivo
136214,16/09/2025 14:32,26/09/2025 22:32,finalized,379,9842,1,129.99,26/09/2025 22:32,Transferencia bancaria, Scotiabank
138061,16/09/2025 9:10,27/09/2025 7:33,finalized,478,9978,3,150.0,27/09/2025 7:33,digital,pLin
138099,16/09/2025 22:03,25/09/2025 16:19,finalized,341,9981,5,299.95,25/09/2025 16:19,Transferencia bancaria,IntERBANK 
138335,16/09/2025 14:00,20/09/2025 3:57,finalized,957,10003,1,299.98,20/09/2025 3:57,Transferencia bancaria,bbvA
138456,16/09/2025 11:58,21/09/2025 2:24,finalized,579,10011,1,39.99,21/09/2025 2:24,digital,PliN
138599,16/09/2025 11:55,19/09/2025 15:49,finalized,1014,10021,1,49.98,19/09/2025 15:49,efectivo,efectivo
138611,16/09/2025 10:29,20/09/2025 19:25,finalized,1073,10022,1,199.99,20/09/2025 19:25,digital,PliN
138613,16/09/2025 23:43,25/09/2025 18:12,finalized,1004,10022,1,399.98,25/09/2025 18:12,Transferencia bancaria,BcP
138885,16/09/2025 2:27,24/09/2025 10:18,finalized,957,10042,1,299.98,24/09/2025 10:18,Transferencia bancaria,pichincha
139472,16/09/2025 11:21,25/09/2025 17:12,finalized,478,10083,4,200.0,25/09/2025 17:12,digital,yapE
139607,16/09/2025 12:13,21/09/2025 23:23,finalized,191,10093,5,499.95,21/09/2025 23:23,digital,YAPe
139779,16/09/2025 11:16,24/09/2025 6:02,finalized,341,10108,4,239.96,24/09/2025 6:02,Transferencia bancaria,bcp
140211,16/09/2025 3:01,19/09/2025 5:55,finalized,957,10137,1,299.98,19/09/2025 5:55,digital,pLin
140712,16/09/2025 4:09,21/09/2025 22:59,finalized,957,10169,1,299.98,21/09/2025 22:59,efectivo,efectivo
141014,16/09/2025 15:50,26/09/2025 15:33,finalized,478,10193,4,200.0,26/09/2025 15:33,digital,yapE
141231,16/09/2025 19:57,23/09/2025 17:58,finalized,579,10211,2,79.98,23/09/2025 17:58,digital,pLin
141630,16/09/2025 15:30,20/09/2025 9:11,finalized,341,10239,4,239.96,20/09/2025 9:11,Transferencia bancaria,bcp
142059,16/09/2025 14:59,23/09/2025 8:05,finalized,478,10268,2,100.0,23/09/2025 8:05,Transferencia bancaria,  Pichincha  
142200,16/09/2025 22:08,20/09/2025 6:25,finalized,379,10277,1,129.99,20/09/2025 6:25,digital,YAPe
142453,16/09/2025 9:58,25/09/2025 5:13,finalized,341,10294,3,179.97,25/09/2025 5:13,digital,pLin
142603,16/09/2025 18:17,20/09/2025 21:36,finalized,478,10305,1,50.0,20/09/2025 21:36,efectivo,efectivo
142753,16/09/2025 20:27,25/09/2025 13:50,finalized,1073,10314,1,199.99,25/09/2025 13:50,Transferencia bancaria,SCOTIABANK
142983,16/09/2025 19:17,21/09/2025 5:36,finalized,379,10333,1,129.99,21/09/2025 5:36,digital,PliN
143246,16/09/2025 13:04,21/09/2025 18:47,finalized,594,10354,5,150.0,21/09/2025 18:47,Transferencia bancaria, BCP   
143651,16/09/2025 1:13,22/09/2025 21:58,finalized,341,10383,2,119.98,22/09/2025 21:58,digital,YAPe
143932,16/09/2025 18:12,23/09/2025 14:15,finalized,1014,10407,3,149.94,23/09/2025 14:15,digital,PliN
144527,16/09/2025 23:46,21/09/2025 17:14,finalized,1014,10451,1,49.98,21/09/2025 17:14,efectivo,efectivo
145444,16/09/2025 4:03,21/09/2025 22:06,finalized,478,10515,2,100.0,21/09/2025 22:06,Transferencia bancaria,IntERBANK 
145446,16/09/2025 19:30,27/09/2025 18:34,finalized,341,10515,5,299.95,27/09/2025 18:34,digital,YAPe
146377,16/09/2025 10:15,23/09/2025 20:30,finalized,191,10584,3,299.97,23/09/2025 20:30,efectivo,efectivo
146556,16/09/2025 1:24,24/09/2025 16:21,finalized,1004,10595,1,399.98,24/09/2025 16:21,digital,yapE
146885,16/09/2025 4:56,25/09/2025 6:15,finalized,1014,10619,5,249.9,25/09/2025 6:15,Transferencia bancaria,Interbank
147045,16/09/2025 8:46,20/09/2025 14:03,finalized,191,10631,5,499.95,20/09/2025 14:03,Transferencia bancaria,PichinchA
147510,16/09/2025 16:08,19/09/2025 18:27,finalized,1073,10664,1,199.99,19/09/2025 18:27,Transferencia bancaria,BcP
147918,16/09/2025 23:03,21/09/2025 15:51,finalized,1004,10691,1,399.98,21/09/2025 15:51,Transferencia bancaria,Interbank
148048,16/09/2025 19:05,24/09/2025 6:16,finalized,1073,10700,1,199.99,24/09/2025 6:16,digital,yapE
148074,16/09/2025 16:17,24/09/2025 18:53,finalized,579,10701,1,39.99,24/09/2025 18:53,digital,yapE
148879,16/09/2025 18:43,23/09/2025 13:38,finalized,579,10763,1,39.99,23/09/2025 13:38,efectivo,efectivo
149026,16/09/2025 9:42,21/09/2025 10:06,finalized,1014,10775,3,149.94,21/09/2025 10:06,Transferencia bancaria,  Pichincha  
149301,16/09/2025 0:26,23/09/2025 10:09,finalized,1073,10796,1,199.99,23/09/2025 10:09,Transferencia bancaria,BcP
149497,16/09/2025 2:26,23/09/2025 13:12,finalized,379,10807,1,129.99,23/09/2025 13:12,efectivo,efectivo
149979,16/09/2025 15:56,21/09/2025 23:03,finalized,191,10838,1,99.99,21/09/2025 23:03,digital,yapE
150049,16/09/2025 20:43,26/09/2025 5:41,finalized,379,10843,1,129.99,26/09/2025 5:41,digital,pLin
150753,16/09/2025 19:24,26/09/2025 20:46,finalized,341,10891,1,59.99,26/09/2025 20:46,Transferencia bancaria,pichincha
151178,16/09/2025 22:07,27/09/2025 19:24,finalized,379,10925,1,129.99,27/09/2025 19:24,efectivo,efectivo
151861,16/09/2025 11:57,25/09/2025 13:07,finalized,379,10973,1,129.99,25/09/2025 13:07,efectivo,efectivo
152197,16/09/2025 16:50,22/09/2025 4:49,finalized,191,11000,1,99.99,22/09/2025 4:49,efectivo,efectivo
152287,16/09/2025 11:58,21/09/2025 20:31,finalized,379,11007,1,129.99,21/09/2025 20:31,digital,pLin
152813,16/09/2025 10:45,26/09/2025 9:35,finalized,341,11048,5,299.95,26/09/2025 9:35,efectivo,efectivo
152990,16/09/2025 14:09,26/09/2025 12:34,finalized,1073,11061,1,199.99,26/09/2025 12:34,efectivo,efectivo
153159,16/09/2025 10:59,22/09/2025 3:42,finalized,579,11071,4,159.96,22/09/2025 3:42,efectivo,efectivo
153186,16/09/2025 18:57,26/09/2025 21:02,finalized,235,11073,3,104.97,26/09/2025 21:02,efectivo,efectivo
153328,16/09/2025 22:56,23/09/2025 7:20,finalized,341,11083,3,179.97,23/09/2025 7:20,efectivo,efectivo
155835,16/09/2025 2:56,22/09/2025 8:20,finalized,172,11271,4,120.0,22/09/2025 8:20,digital,YAPe
156017,16/09/2025 11:15,20/09/2025 5:11,finalized,379,11286,1,129.99,20/09/2025 5:11,Transferencia bancaria,BCP
156290,16/09/2025 2:55,23/09/2025 4:03,finalized,957,11306,1,299.98,23/09/2025 4:03,Transferencia bancaria,scotiabank
156820,16/09/2025 3:40,20/09/2025 7:32,finalized,478,11344,1,50.0,20/09/2025 7:32,efectivo,efectivo
156860,16/09/2025 18:19,22/09/2025 4:09,finalized,379,11347,1,129.99,22/09/2025 4:09,digital,PliN
158165,16/09/2025 16:39,26/09/2025 8:17,finalized,341,11431,2,119.98,26/09/2025 8:17,efectivo,efectivo
158285,16/09/2025 13:44,26/09/2025 14:59,finalized,1073,11442,1,199.99,26/09/2025 14:59,efectivo,efectivo
158492,16/09/2025 14:36,26/09/2025 8:13,finalized,774,11456,2,95.98,26/09/2025 8:13,efectivo,efectivo
158897,16/09/2025 4:53,20/09/2025 20:43,finalized,478,11488,1,50.0,20/09/2025 20:43,Transferencia bancaria,PichinchA
158963,16/09/2025 5:24,21/09/2025 17:07,finalized,1004,11492,1,399.98,21/09/2025 17:07,digital,PliN
159002,16/09/2025 14:15,27/09/2025 8:11,finalized,379,11494,1,129.99,27/09/2025 8:11,efectivo,efectivo
159832,16/09/2025 15:42,19/09/2025 23:12,finalized,1004,11552,1,399.98,19/09/2025 23:12,Transferencia bancaria,PichinchA
160081,16/09/2025 4:23,26/09/2025 8:39,finalized,191,11570,5,499.95,26/09/2025 8:39,efectivo,efectivo
161316,16/09/2025 8:18,25/09/2025 7:16,finalized,957,11662,1,299.98,25/09/2025 7:16,Transferencia bancaria,SCOTIABANK
161355,16/09/2025 21:02,23/09/2025 1:28,finalized,191,11664,4,399.96,23/09/2025 1:28,Transferencia bancaria,IntERBANK 
162419,16/09/2025 20:11,21/09/2025 5:15,finalized,478,11741,3,150.0,21/09/2025 5:15,efectivo,efectivo
162507,16/09/2025 10:22,26/09/2025 12:40,finalized,379,11748,1,129.99,26/09/2025 12:40,digital,yapE
164361,16/09/2025 13:45,26/09/2025 12:08,finalized,924,11881,1,15.99,26/09/2025 12:08,digital,PliN
164980,16/09/2025 14:55,20/09/2025 2:58,finalized,341,11922,1,59.99,20/09/2025 2:58,digital,PliN
165398,16/09/2025 0:11,20/09/2025 4:33,finalized,379,11952,1,129.99,20/09/2025 4:33,digital,PliN
165672,16/09/2025 19:08,27/09/2025 4:37,finalized,191,11970,4,399.96,27/09/2025 4:37,efectivo,efectivo
165730,16/09/2025 12:36,21/09/2025 17:41,finalized,341,11975,1,59.99,21/09/2025 17:41,efectivo,efectivo
165746,16/09/2025 19:07,20/09/2025 4:29,finalized,579,11977,4,159.96,20/09/2025 4:29,digital,pLin
166200,16/09/2025 18:43,22/09/2025 22:31,finalized,478,12008,3,150.0,22/09/2025 22:31,digital,PliN
166537,16/09/2025 10:47,27/09/2025 5:41,finalized,379,12031,1,129.99,27/09/2025 5:41,efectivo,efectivo
167570,16/09/2025 20:09,26/09/2025 3:00,finalized,341,12104,2,119.98,26/09/2025 3:00,Transferencia bancaria,  Pichincha  
167956,16/09/2025 18:15,21/09/2025 9:44,finalized,579,12129,4,159.96,21/09/2025 9:44,digital,pLin
169298,16/09/2025 19:15,24/09/2025 4:56,finalized,341,12225,4,239.96,24/09/2025 4:56,efectivo,efectivo
169486,16/09/2025 5:54,21/09/2025 0:17,finalized,379,12238,1,129.99,21/09/2025 0:17,digital,PliN
169595,16/09/2025 11:52,21/09/2025 3:45,finalized,341,12246,5,299.95,21/09/2025 3:45,Transferencia bancaria,PichinchA
169598,16/09/2025 22:06,20/09/2025 20:38,finalized,127,12246,1,329.99,20/09/2025 20:38,Transferencia bancaria,bcp
169896,16/09/2025 7:25,23/09/2025 21:39,finalized,1014,12270,2,99.96,23/09/2025 21:39,digital,YAPe
170082,16/09/2025 21:56,21/09/2025 10:42,finalized,379,12284,1,129.99,21/09/2025 10:42,efectivo,efectivo
170166,16/09/2025 15:40,22/09/2025 1:33,finalized,579,12289,5,199.95,22/09/2025 1:33,digital,PliN
170414,16/09/2025 8:25,25/09/2025 11:43,finalized,478,12308,2,100.0,25/09/2025 11:43,Transferencia bancaria,IntERBANK 
171294,16/09/2025 17:34,22/09/2025 7:13,finalized,379,12370,1,129.99,22/09/2025 7:13,digital,PliN
196693,16/09/2025 15:17,22/09/2025 7:44,finalized,478,8,4,200.0,22/09/2025 7:44,Transferencia bancaria,Scotiabank
196752,16/09/2025 22:12,23/09/2025 21:32,finalized,957,12,1,299.98,23/09/2025 21:32,efectivo,efectivo
196806,16/09/2025 19:41,19/09/2025 23:39,finalized,579,16,1,39.99,19/09/2025 23:39,efectivo,efectivo
197145,16/09/2025 2:17,20/09/2025 2:16,finalized,1014,41,1,49.98,20/09/2025 2:16,efectivo,efectivo
197894,16/09/2025 5:06,22/09/2025 12:28,finalized,478,96,2,100.0,22/09/2025 12:28,efectivo,efectivo
198090,16/09/2025 7:11,24/09/2025 8:27,finalized,1004,111,1,399.98,24/09/2025 8:27,digital,yapE
198232,16/09/2025 2:07,22/09/2025 11:08,finalized,379,123,1,129.99,22/09/2025 11:08,Transferencia bancaria,bcp
198672,16/09/2025 16:43,21/09/2025 13:59,finalized,1073,162,1,199.99,21/09/2025 13:59,digital,YAPe
198793,16/09/2025 21:14,23/09/2025 18:10,finalized,1004,172,1,399.98,23/09/2025 18:10,efectivo,efectivo
199040,16/09/2025 12:39,24/09/2025 18:28,finalized,341,190,2,119.98,24/09/2025 18:28,Transferencia bancaria,  Pichincha  
199218,16/09/2025 9:46,22/09/2025 1:49,finalized,1014,200,5,249.9,22/09/2025 1:49,Transferencia bancaria,SCOTIABANK
199329,16/09/2025 13:58,25/09/2025 8:15,finalized,957,207,1,299.98,25/09/2025 8:15,Transferencia bancaria,Interbank
199411,16/09/2025 14:41,22/09/2025 6:53,finalized,191,214,5,499.95,22/09/2025 6:53,digital,pLin
199494,16/09/2025 9:20,25/09/2025 12:00,finalized,478,221,5,250.0,25/09/2025 12:00,digital,YAPe
199516,16/09/2025 23:54,21/09/2025 5:58,finalized,379,221,1,129.99,21/09/2025 5:58,Transferencia bancaria,bbvA
199711,16/09/2025 4:08,19/09/2025 4:34,finalized,379,233,1,129.99,19/09/2025 4:34,digital,pLin
201692,16/09/2025 6:52,26/09/2025 10:20,finalized,957,374,1,299.98,26/09/2025 10:20,Transferencia bancaria,Interbank
201694,16/09/2025 14:05,23/09/2025 11:49,finalized,957,374,1,299.98,23/09/2025 11:49,efectivo,efectivo
202335,16/09/2025 21:12,24/09/2025 8:41,finalized,379,422,1,129.99,24/09/2025 8:41,efectivo,efectivo
202569,16/09/2025 15:07,25/09/2025 11:06,finalized,478,437,1,50.0,25/09/2025 11:06,efectivo,efectivo
202762,16/09/2025 8:25,21/09/2025 12:47,finalized,957,447,1,299.98,21/09/2025 12:47,efectivo,efectivo
203071,16/09/2025 0:37,21/09/2025 13:12,finalized,379,467,1,129.99,21/09/2025 13:12,Transferencia bancaria,Interbank
203240,16/09/2025 5:26,22/09/2025 6:58,finalized,191,481,4,399.96,22/09/2025 6:58,digital,YAPe
204671,16/09/2025 22:08,26/09/2025 17:39,finalized,379,582,1,129.99,26/09/2025 17:39,Transferencia bancaria,BBVA   
204971,16/09/2025 1:23,23/09/2025 6:15,finalized,957,607,1,299.98,23/09/2025 6:15,digital,PliN
205316,16/09/2025 14:01,25/09/2025 16:14,finalized,191,630,5,499.95,25/09/2025 16:14,digital,PliN
205666,16/09/2025 4:46,20/09/2025 17:44,finalized,1004,653,1,399.98,20/09/2025 17:44,Transferencia bancaria,BcP
205877,16/09/2025 22:36,22/09/2025 18:00,finalized,1014,672,4,199.92,22/09/2025 18:00,Transferencia bancaria,bcp
206061,16/09/2025 7:05,19/09/2025 15:25,finalized,478,683,4,200.0,19/09/2025 15:25,efectivo,efectivo
206824,16/09/2025 17:40,23/09/2025 3:13,finalized,379,736,1,129.99,23/09/2025 3:13,Transferencia bancaria,bbvA
207201,16/09/2025 12:42,23/09/2025 7:26,finalized,1073,759,1,199.99,23/09/2025 7:26,Transferencia bancaria,  Pichincha  
207633,16/09/2025 18:39,26/09/2025 13:04,finalized,379,792,1,129.99,26/09/2025 13:04,efectivo,efectivo
208212,16/09/2025 14:40,20/09/2025 8:43,finalized,1004,839,1,399.98,20/09/2025 8:43,digital,YAPe
208336,16/09/2025 15:15,26/09/2025 10:30,finalized,341,847,1,59.99,26/09/2025 10:30,Transferencia bancaria,IntERBANK 
208395,16/09/2025 15:17,20/09/2025 2:39,finalized,478,850,5,250.0,20/09/2025 2:39,efectivo,efectivo
208796,16/09/2025 21:33,20/09/2025 12:58,finalized,1014,878,3,149.94,20/09/2025 12:58,Transferencia bancaria, Scotiabank
209472,16/09/2025 8:58,20/09/2025 3:33,finalized,579,933,5,199.95,20/09/2025 3:33,Transferencia bancaria,SCOTIABANK
209931,16/09/2025 18:00,21/09/2025 10:39,finalized,478,962,1,50.0,21/09/2025 10:39,Transferencia bancaria, Scotiabank
210505,16/09/2025 17:40,25/09/2025 8:33,finalized,478,1008,3,150.0,25/09/2025 8:33,Transferencia bancaria,bbvA
210557,16/09/2025 3:02,26/09/2025 5:04,finalized,1014,1011,3,149.94,26/09/2025 5:04,digital,PliN
210906,16/09/2025 10:56,21/09/2025 18:45,finalized,379,1030,1,129.99,21/09/2025 18:45,Transferencia bancaria,bbvA
210910,16/09/2025 10:35,23/09/2025 18:14,finalized,579,1030,5,199.95,23/09/2025 18:14,efectivo,efectivo
211388,16/09/2025 21:14,21/09/2025 18:41,finalized,341,1069,4,239.96,21/09/2025 18:41,Transferencia bancaria,PichinchA
211764,16/09/2025 18:48,22/09/2025 7:14,finalized,957,1101,1,299.98,22/09/2025 7:14,Transferencia bancaria,PichinchA
211775,16/09/2025 8:43,26/09/2025 22:02,finalized,1014,1102,5,249.9,26/09/2025 22:02,Transferencia bancaria,bcp
211793,16/09/2025 7:48,21/09/2025 6:26,finalized,341,1103,3,179.97,21/09/2025 6:26,digital,YAPe
211984,16/09/2025 5:03,20/09/2025 3:12,finalized,341,1116,3,179.97,20/09/2025 3:12,Transferencia bancaria,  Pichincha  
212463,16/09/2025 3:56,26/09/2025 17:26,finalized,543,1151,4,100.0,26/09/2025 17:26,Transferencia bancaria,pichincha
212553,16/09/2025 13:02,21/09/2025 11:36,finalized,93,1158,4,99.96,21/09/2025 11:36,digital,PliN
212733,16/09/2025 11:46,20/09/2025 18:54,finalized,1004,1169,1,399.98,20/09/2025 18:54,Transferencia bancaria, Scotiabank
213872,16/09/2025 12:32,24/09/2025 5:55,finalized,341,1261,3,179.97,24/09/2025 5:55,digital,YAPe
214336,16/09/2025 7:49,20/09/2025 0:46,finalized,1014,1290,1,49.98,20/09/2025 0:46,Transferencia bancaria,BCP
214405,16/09/2025 7:15,20/09/2025 1:04,finalized,1014,1295,5,249.9,20/09/2025 1:04,Transferencia bancaria,  Pichincha  
214923,16/09/2025 4:15,22/09/2025 14:05,finalized,341,1340,4,239.96,22/09/2025 14:05,efectivo,efectivo
215074,16/09/2025 4:45,20/09/2025 6:30,finalized,341,1351,3,179.97,20/09/2025 6:30,efectivo,efectivo
215236,16/09/2025 13:37,22/09/2025 2:19,finalized,478,1363,1,50.0,22/09/2025 2:19,efectivo,efectivo
215518,16/09/2025 10:06,26/09/2025 6:00,finalized,379,1380,1,129.99,26/09/2025 6:00,digital,YAPe
215732,16/09/2025 6:53,27/09/2025 5:57,finalized,1004,1394,1,399.98,27/09/2025 5:57,efectivo,efectivo
216482,16/09/2025 22:29,23/09/2025 5:28,finalized,379,1453,1,129.99,23/09/2025 5:28,Transferencia bancaria,Scotiabank
217519,16/09/2025 8:48,20/09/2025 8:03,finalized,478,1528,3,150.0,20/09/2025 8:03,efectivo,efectivo
217946,16/09/2025 11:15,23/09/2025 13:28,finalized,1014,1557,3,149.94,23/09/2025 13:28,Transferencia bancaria,bcp
217953,16/09/2025 3:15,24/09/2025 11:36,finalized,379,1558,1,129.99,24/09/2025 11:36,digital,PliN
218090,16/09/2025 18:19,27/09/2025 14:54,finalized,341,1565,5,299.95,27/09/2025 14:54,digital,pLin
219189,16/09/2025 4:16,20/09/2025 8:39,finalized,579,1636,5,199.95,20/09/2025 8:39,digital,pLin
219317,16/09/2025 11:49,23/09/2025 6:32,finalized,341,1647,3,179.97,23/09/2025 6:32,digital,YAPe
219363,16/09/2025 8:43,25/09/2025 11:59,finalized,191,1650,4,399.96,25/09/2025 11:59,digital,pLin
219510,16/09/2025 22:15,25/09/2025 0:42,finalized,341,1658,4,239.96,25/09/2025 0:42,efectivo,efectivo
219795,16/09/2025 0:38,20/09/2025 2:31,finalized,957,1681,1,299.98,20/09/2025 2:31,Transferencia bancaria, Scotiabank
219865,16/09/2025 10:04,21/09/2025 7:10,finalized,379,1686,1,129.99,21/09/2025 7:10,efectivo,efectivo
219897,16/09/2025 6:42,21/09/2025 8:17,finalized,379,1688,1,129.99,21/09/2025 8:17,digital,pLin
220075,16/09/2025 3:59,20/09/2025 9:04,finalized,957,1702,1,299.98,20/09/2025 9:04,efectivo,efectivo
220424,16/09/2025 20:46,23/09/2025 22:52,finalized,341,1727,5,299.95,23/09/2025 22:52,digital,yapE
220913,16/09/2025 10:06,26/09/2025 23:48,finalized,478,1761,4,200.0,26/09/2025 23:48,efectivo,efectivo
221437,16/09/2025 17:21,24/09/2025 10:48,finalized,341,1797,5,299.95,24/09/2025 10:48,efectivo,efectivo
222387,16/09/2025 14:45,24/09/2025 11:35,finalized,341,1857,5,299.95,24/09/2025 11:35,efectivo,efectivo
223167,16/09/2025 11:24,24/09/2025 0:50,finalized,478,1909,3,150.0,24/09/2025 0:50,Transferencia bancaria,Interbank
223826,16/09/2025 22:39,24/09/2025 23:16,finalized,1014,1950,2,99.96,24/09/2025 23:16,digital,YAPe
223833,16/09/2025 5:30,19/09/2025 23:34,finalized,924,1950,3,47.97,19/09/2025 23:34,digital,yapE
224231,16/09/2025 6:46,25/09/2025 17:06,finalized,273,1979,3,83.97,25/09/2025 17:06,Transferencia bancaria,Interbank
224690,16/09/2025 19:05,20/09/2025 6:40,finalized,191,2009,5,499.95,20/09/2025 6:40,efectivo,efectivo
225250,16/09/2025 4:35,20/09/2025 11:56,finalized,379,2051,1,129.99,20/09/2025 11:56,efectivo,efectivo
225928,16/09/2025 13:53,27/09/2025 7:32,finalized,379,2102,1,129.99,27/09/2025 7:32,digital,YAPe
226479,16/09/2025 7:38,19/09/2025 16:54,finalized,1073,2139,1,199.99,19/09/2025 16:54,Transferencia bancaria,  Pichincha  
226701,16/09/2025 5:49,24/09/2025 20:12,finalized,379,2155,1,129.99,24/09/2025 20:12,Transferencia bancaria,IntERBANK 
227401,16/09/2025 22:31,25/09/2025 14:57,finalized,1014,2209,3,149.94,25/09/2025 14:57,Transferencia bancaria,BCP
227636,16/09/2025 10:01,24/09/2025 6:34,finalized,379,2224,1,129.99,24/09/2025 6:34,efectivo,efectivo
228866,16/09/2025 11:58,25/09/2025 11:20,finalized,379,2310,1,129.99,25/09/2025 11:20,digital,pLin
229056,16/09/2025 17:58,20/09/2025 16:08,finalized,1004,2325,1,399.98,20/09/2025 16:08,Transferencia bancaria,BcP
229073,16/09/2025 16:26,21/09/2025 20:57,finalized,1004,2325,1,399.98,21/09/2025 20:57,Transferencia bancaria,Scotiabank
229262,16/09/2025 0:06,24/09/2025 7:18,finalized,191,2338,1,99.99,24/09/2025 7:18,Transferencia bancaria, Scotiabank
229275,16/09/2025 11:04,21/09/2025 20:50,finalized,1073,2340,1,199.99,21/09/2025 20:50,digital,PliN
229278,16/09/2025 14:32,25/09/2025 3:19,finalized,957,2341,1,299.98,25/09/2025 3:19,efectivo,efectivo
229353,16/09/2025 22:00,27/09/2025 8:38,finalized,1073,2348,1,199.99,27/09/2025 8:38,Transferencia bancaria,Interbank
229832,16/09/2025 21:09,25/09/2025 11:11,finalized,957,2383,1,299.98,25/09/2025 11:11,efectivo,efectivo
230080,16/09/2025 17:49,25/09/2025 21:22,finalized,1014,2402,3,149.94,25/09/2025 21:22,digital,YAPe
230164,16/09/2025 20:31,21/09/2025 20:52,finalized,1014,2407,5,249.9,21/09/2025 20:52,efectivo,efectivo
230298,16/09/2025 23:48,27/09/2025 6:54,finalized,1014,2419,1,49.98,27/09/2025 6:54,digital,yapE
230425,16/09/2025 7:15,24/09/2025 11:05,finalized,1014,2429,5,249.9,24/09/2025 11:05,Transferencia bancaria,  Pichincha  
230530,16/09/2025 9:23,25/09/2025 7:06,finalized,579,2435,3,119.97,25/09/2025 7:06,Transferencia bancaria,  Pichincha  
230680,16/09/2025 4:07,23/09/2025 0:48,finalized,1073,2446,1,199.99,23/09/2025 0:48,digital,yapE
230771,16/09/2025 23:33,25/09/2025 12:49,finalized,1004,2452,1,399.98,25/09/2025 12:49,efectivo,efectivo
230932,16/09/2025 17:34,22/09/2025 5:06,finalized,1073,2464,1,199.99,22/09/2025 5:06,efectivo,efectivo
231108,16/09/2025 20:29,20/09/2025 12:22,finalized,341,2475,5,299.95,20/09/2025 12:22,Transferencia bancaria,scotiabank
231433,16/09/2025 1:51,26/09/2025 6:06,finalized,579,2501,4,159.96,26/09/2025 6:06,efectivo,efectivo
231490,16/09/2025 8:11,25/09/2025 10:31,finalized,379,2505,1,129.99,25/09/2025 10:31,Transferencia bancaria,BCP
232024,16/09/2025 17:36,23/09/2025 17:34,finalized,957,2547,1,299.98,23/09/2025 17:34,digital,YAPe
232925,16/09/2025 17:57,26/09/2025 13:05,finalized,1004,2612,1,399.98,26/09/2025 13:05,Transferencia bancaria,bbvA
233172,16/09/2025 10:37,23/09/2025 1:00,finalized,1014,2628,1,49.98,23/09/2025 1:00,digital,pLin
233228,16/09/2025 14:58,25/09/2025 13:42,finalized,341,2631,5,299.95,25/09/2025 13:42,digital,pLin
233567,16/09/2025 4:29,24/09/2025 13:44,finalized,191,2656,5,499.95,24/09/2025 13:44,efectivo,efectivo
233595,16/09/2025 11:44,26/09/2025 3:19,finalized,655,2657,1,19.99,26/09/2025 3:19,digital,pLin
234476,16/09/2025 15:07,25/09/2025 12:59,finalized,341,2723,2,119.98,25/09/2025 12:59,digital,YAPe
235684,16/09/2025 13:15,22/09/2025 2:50,finalized,1004,2804,1,399.98,22/09/2025 2:50,Transferencia bancaria,BcP
237554,16/09/2025 11:08,20/09/2025 22:10,finalized,341,2946,5,299.95,20/09/2025 22:10,digital,pLin
237858,16/09/2025 16:29,22/09/2025 19:20,finalized,1014,2970,2,99.96,22/09/2025 19:20,efectivo,efectivo
238117,16/09/2025 2:06,24/09/2025 12:38,finalized,1073,2993,1,199.99,24/09/2025 12:38,Transferencia bancaria,  Pichincha  
238679,16/09/2025 3:06,22/09/2025 14:27,finalized,478,3038,3,150.0,22/09/2025 14:27,digital,YAPe
238695,16/09/2025 14:53,25/09/2025 7:20,finalized,862,3038,3,74.97,25/09/2025 7:20,efectivo,efectivo
240414,16/09/2025 1:51,19/09/2025 9:01,finalized,957,3167,1,299.98,19/09/2025 9:01,efectivo,efectivo
240755,16/09/2025 23:33,24/09/2025 15:07,finalized,1014,3191,3,149.94,24/09/2025 15:07,efectivo,efectivo
242186,16/09/2025 23:26,26/09/2025 12:58,finalized,379,3293,1,129.99,26/09/2025 12:58,digital,pLin
243182,16/09/2025 4:48,20/09/2025 12:08,finalized,379,3365,1,129.99,20/09/2025 12:08,digital,PliN
243682,16/09/2025 19:28,26/09/2025 9:34,finalized,191,3401,3,299.97,26/09/2025 9:34,Transferencia bancaria,PichinchA
244557,16/09/2025 1:09,24/09/2025 18:44,finalized,341,3462,4,239.96,24/09/2025 18:44,digital,pLin
244916,16/09/2025 15:09,22/09/2025 21:24,finalized,1004,3487,1,399.98,22/09/2025 21:24,efectivo,efectivo
245483,16/09/2025 0:11,22/09/2025 1:40,finalized,727,3527,3,29.97,22/09/2025 1:40,efectivo,efectivo
245566,16/09/2025 3:29,20/09/2025 7:47,finalized,957,3531,1,299.98,20/09/2025 7:47,digital,pLin
246000,16/09/2025 6:12,24/09/2025 12:36,finalized,1073,3558,1,199.99,24/09/2025 12:36,digital,YAPe
246650,16/09/2025 1:22,19/09/2025 19:00,finalized,1014,3603,5,249.9,19/09/2025 19:00,Transferencia bancaria,SCOTIABANK
247011,16/09/2025 2:07,26/09/2025 0:36,finalized,191,3631,5,499.95,26/09/2025 0:36,efectivo,efectivo
247380,16/09/2025 3:40,21/09/2025 2:09,finalized,579,3658,2,79.98,21/09/2025 2:09,Transferencia bancaria,bbvA
247674,16/09/2025 22:35,26/09/2025 23:34,finalized,924,3678,1,15.99,26/09/2025 23:34,efectivo,efectivo
248022,16/09/2025 18:56,21/09/2025 18:27,finalized,1014,3705,2,99.96,21/09/2025 18:27,digital,YAPe
248546,16/09/2025 10:41,21/09/2025 12:02,finalized,1014,3739,5,249.9,21/09/2025 12:02,Transferencia bancaria, BCP   
249065,16/09/2025 3:07,26/09/2025 11:01,finalized,191,3776,3,299.97,26/09/2025 11:01,Transferencia bancaria,Interbank
250072,16/09/2025 4:03,20/09/2025 20:52,finalized,579,3861,1,39.99,20/09/2025 20:52,digital,pLin
250155,16/09/2025 4:58,20/09/2025 11:53,finalized,478,3868,5,250.0,20/09/2025 11:53,Transferencia bancaria,Interbank
250266,16/09/2025 11:23,24/09/2025 10:15,finalized,957,3877,1,299.98,24/09/2025 10:15,digital,pLin
250316,16/09/2025 5:16,20/09/2025 22:41,finalized,1014,3880,4,199.92,20/09/2025 22:41,Transferencia bancaria,SCOTIABANK
250645,16/09/2025 0:38,20/09/2025 21:14,finalized,478,3905,5,250.0,20/09/2025 21:14,efectivo,efectivo
250688,16/09/2025 22:01,24/09/2025 11:27,finalized,579,3907,1,39.99,24/09/2025 11:27,Transferencia bancaria,  Pichincha  
250811,16/09/2025 9:03,24/09/2025 22:33,finalized,1004,3917,1,399.98,24/09/2025 22:33,Transferencia bancaria,  Pichincha  
250979,16/09/2025 8:04,23/09/2025 10:22,finalized,341,3928,4,239.96,23/09/2025 10:22,digital,YAPe
252321,16/09/2025 20:07,27/09/2025 19:05,finalized,1004,4019,1,399.98,27/09/2025 19:05,Transferencia bancaria, Scotiabank
253349,16/09/2025 2:55,19/09/2025 17:07,finalized,1073,4100,1,199.99,19/09/2025 17:07,efectivo,efectivo
253826,16/09/2025 23:08,27/09/2025 5:25,finalized,1073,4133,1,199.99,27/09/2025 5:25,digital,pLin
254275,16/09/2025 0:58,19/09/2025 15:40,finalized,1014,4168,3,149.94,19/09/2025 15:40,Transferencia bancaria,  Pichincha  
254518,16/09/2025 9:51,23/09/2025 16:34,finalized,579,4186,5,199.95,23/09/2025 16:34,efectivo,efectivo
255368,16/09/2025 5:45,25/09/2025 0:14,finalized,579,4238,2,79.98,25/09/2025 0:14,efectivo,efectivo
255676,16/09/2025 7:17,19/09/2025 10:25,finalized,379,4261,1,129.99,19/09/2025 10:25,digital,YAPe
256538,16/09/2025 22:26,20/09/2025 2:11,finalized,957,4323,1,299.98,20/09/2025 2:11,digital,pLin
256779,16/09/2025 19:51,20/09/2025 7:40,finalized,341,4340,1,59.99,20/09/2025 7:40,digital,pLin
256806,16/09/2025 3:53,22/09/2025 2:30,finalized,1014,4341,2,99.96,22/09/2025 2:30,efectivo,efectivo
258169,16/09/2025 7:57,27/09/2025 7:39,finalized,191,4439,1,99.99,27/09/2025 7:39,Transferencia bancaria,bcp
258939,16/09/2025 18:43,23/09/2025 11:32,finalized,623,4491,1,209.99,23/09/2025 11:32,efectivo,efectivo
259186,16/09/2025 19:45,27/09/2025 12:16,finalized,957,4510,1,299.98,27/09/2025 12:16,Transferencia bancaria,BcP
259430,16/09/2025 15:41,20/09/2025 2:48,finalized,1004,4526,1,399.98,20/09/2025 2:48,digital,YAPe
259442,16/09/2025 4:50,26/09/2025 8:30,finalized,341,4528,5,299.95,26/09/2025 8:30,digital,PliN
260191,16/09/2025 21:05,24/09/2025 5:53,finalized,478,4581,2,100.0,24/09/2025 5:53,Transferencia bancaria,Interbank
260629,16/09/2025 3:51,26/09/2025 13:04,finalized,1014,4612,1,49.98,26/09/2025 13:04,Transferencia bancaria,bcp
261882,16/09/2025 23:34,22/09/2025 10:37,finalized,1073,4704,1,199.99,22/09/2025 10:37,digital,pLin
262607,16/09/2025 20:05,27/09/2025 14:30,finalized,341,4759,3,179.97,27/09/2025 14:30,Transferencia bancaria,bbvA
263094,16/09/2025 17:01,25/09/2025 14:32,finalized,191,4795,5,499.95,25/09/2025 14:32,efectivo,efectivo
263106,16/09/2025 0:23,24/09/2025 4:19,finalized,379,4795,1,129.99,24/09/2025 4:19,efectivo,efectivo
266523,16/09/2025 20:17,25/09/2025 17:47,finalized,341,5042,3,179.97,25/09/2025 17:47,efectivo,efectivo
266528,16/09/2025 3:50,20/09/2025 0:18,finalized,478,5043,3,150.0,20/09/2025 0:18,digital,pLin
267119,16/09/2025 9:42,27/09/2025 6:44,finalized,1014,5082,3,149.94,27/09/2025 6:44,digital,YAPe
267835,16/09/2025 21:26,26/09/2025 2:38,finalized,1073,5133,1,199.99,26/09/2025 2:38,Transferencia bancaria,scotiabank
268374,16/09/2025 2:00,19/09/2025 7:22,finalized,1014,5172,3,149.94,19/09/2025 7:22,digital,pLin
269168,16/09/2025 0:15,21/09/2025 10:37,finalized,957,5223,1,299.98,21/09/2025 10:37,digital,pLin
269523,16/09/2025 14:03,21/09/2025 23:39,finalized,341,5246,5,299.95,21/09/2025 23:39,efectivo,efectivo
270086,16/09/2025 0:40,26/09/2025 23:59,finalized,478,5286,2,100.0,26/09/2025 23:59,Transferencia bancaria,BcP
270857,16/09/2025 11:53,26/09/2025 12:47,finalized,1004,5337,1,399.98,26/09/2025 12:47,digital,YAPe
270868,16/09/2025 11:21,26/09/2025 7:47,finalized,1004,5338,1,399.98,26/09/2025 7:47,digital,yapE
271084,16/09/2025 0:41,23/09/2025 2:10,finalized,341,5359,5,299.95,23/09/2025 2:10,Transferencia bancaria,  Pichincha  
271363,16/09/2025 3:25,24/09/2025 9:44,finalized,1004,5378,1,399.98,24/09/2025 9:44,digital,YAPe
272560,16/09/2025 2:08,19/09/2025 5:03,finalized,1004,5463,1,399.98,19/09/2025 5:03,efectivo,efectivo
273127,16/09/2025 1:22,22/09/2025 17:53,finalized,957,5502,1,299.98,22/09/2025 17:53,digital,PliN
273264,16/09/2025 23:46,27/09/2025 15:22,finalized,1073,5515,1,199.99,27/09/2025 15:22,Transferencia bancaria,Scotiabank
274032,16/09/2025 3:49,22/09/2025 20:06,finalized,1004,5569,1,399.98,22/09/2025 20:06,Transferencia bancaria, BCP   
274398,16/09/2025 17:04,21/09/2025 14:02,finalized,379,5591,1,129.99,21/09/2025 14:02,digital,PliN
274640,16/09/2025 19:50,22/09/2025 6:47,finalized,957,5609,1,299.98,22/09/2025 6:47,digital,yapE
274801,16/09/2025 21:16,20/09/2025 14:50,finalized,235,5620,3,104.97,20/09/2025 14:50,Transferencia bancaria,bbvA
275149,16/09/2025 7:25,25/09/2025 20:34,finalized,1014,5643,3,149.94,25/09/2025 20:34,Transferencia bancaria, Scotiabank
275323,16/09/2025 17:12,27/09/2025 9:01,finalized,957,5653,1,299.98,27/09/2025 9:01,efectivo,efectivo
275579,16/09/2025 6:45,23/09/2025 2:51,finalized,1004,5666,1,399.98,23/09/2025 2:51,Transferencia bancaria,IntERBANK 
276132,16/09/2025 23:37,26/09/2025 10:17,finalized,478,5702,3,150.0,26/09/2025 10:17,efectivo,efectivo
277074,16/09/2025 15:25,26/09/2025 6:06,finalized,1014,5763,1,49.98,26/09/2025 6:06,digital,YAPe
277719,16/09/2025 13:06,25/09/2025 2:54,finalized,379,5806,1,129.99,25/09/2025 2:54,digital,PliN
278595,16/09/2025 0:24,20/09/2025 21:37,finalized,191,5867,4,399.96,20/09/2025 21:37,Transferencia bancaria, BCP   
278869,16/09/2025 5:25,25/09/2025 13:09,finalized,379,5883,1,129.99,25/09/2025 13:09,digital,yapE
278922,16/09/2025 22:29,26/09/2025 4:54,finalized,1073,5887,1,199.99,26/09/2025 4:54,Transferencia bancaria,IntERBANK 
278944,16/09/2025 4:36,23/09/2025 4:31,finalized,478,5890,4,200.0,23/09/2025 4:31,Transferencia bancaria,BCP
279357,16/09/2025 6:59,23/09/2025 3:08,finalized,1073,5918,1,199.99,23/09/2025 3:08,digital,pLin
279999,16/09/2025 5:33,23/09/2025 16:41,finalized,1004,5965,1,399.98,23/09/2025 16:41,digital,PliN
280179,16/09/2025 7:22,24/09/2025 5:10,finalized,1073,5978,1,199.99,24/09/2025 5:10,digital,yapE
280397,16/09/2025 1:31,20/09/2025 3:30,finalized,379,5993,1,129.99,20/09/2025 3:30,Transferencia bancaria,pichincha
280427,16/09/2025 4:21,23/09/2025 22:18,finalized,1004,5996,1,399.98,23/09/2025 22:18,Transferencia bancaria,bcp
281616,16/09/2025 8:50,20/09/2025 4:30,finalized,478,6086,3,150.0,20/09/2025 4:30,digital,yapE
282071,16/09/2025 4:41,25/09/2025 10:11,finalized,926,6114,5,79.95,25/09/2025 10:11,Transferencia bancaria, Scotiabank
282257,16/09/2025 12:18,25/09/2025 14:12,finalized,957,6130,1,299.98,25/09/2025 14:12,digital,YAPe
283428,16/09/2025 1:27,20/09/2025 19:01,finalized,341,6221,5,299.95,20/09/2025 19:01,Transferencia bancaria,PichinchA
283532,16/09/2025 23:45,23/09/2025 11:24,finalized,379,6229,1,129.99,23/09/2025 11:24,Transferencia bancaria,  Pichincha  
284734,16/09/2025 5:16,19/09/2025 15:01,finalized,1014,6307,2,99.96,19/09/2025 15:01,digital,PliN
285876,16/09/2025 21:58,24/09/2025 23:54,finalized,379,6390,1,129.99,24/09/2025 23:54,efectivo,efectivo
286668,16/09/2025 9:16,19/09/2025 12:48,finalized,93,6442,1,24.99,19/09/2025 12:48,efectivo,efectivo
287075,16/09/2025 0:27,25/09/2025 11:32,finalized,478,6472,4,200.0,25/09/2025 11:32,efectivo,efectivo
287211,16/09/2025 23:34,27/09/2025 13:37,finalized,1073,6479,1,199.99,27/09/2025 13:37,efectivo,efectivo
287304,16/09/2025 1:04,20/09/2025 7:42,finalized,543,6486,1,25.0,20/09/2025 7:42,Transferencia bancaria,bbvA
288567,16/09/2025 8:43,19/09/2025 10:26,finalized,1073,6582,1,199.99,19/09/2025 10:26,efectivo,efectivo
288766,16/09/2025 12:59,21/09/2025 4:41,finalized,1014,6593,2,99.96,21/09/2025 4:41,digital,PliN
289955,16/09/2025 21:44,21/09/2025 18:43,finalized,341,6692,3,179.97,21/09/2025 18:43,digital,yapE
290001,16/09/2025 11:52,21/09/2025 7:19,finalized,1014,6696,4,199.92,21/09/2025 7:19,Transferencia bancaria,Interbank
290538,16/09/2025 22:49,26/09/2025 3:40,finalized,379,6732,1,129.99,26/09/2025 3:40,efectivo,efectivo
291814,16/09/2025 18:47,25/09/2025 12:37,finalized,1004,6830,1,399.98,25/09/2025 12:37,digital,yapE
292296,16/09/2025 1:10,23/09/2025 19:19,finalized,1004,6871,1,399.98,23/09/2025 19:19,Transferencia bancaria, BCP   
292356,16/09/2025 9:14,22/09/2025 9:43,finalized,379,6875,1,129.99,22/09/2025 9:43,Transferencia bancaria,BCP
292765,16/09/2025 10:09,27/09/2025 5:10,finalized,379,6905,1,129.99,27/09/2025 5:10,Transferencia bancaria,BBVA   
292885,16/09/2025 13:05,24/09/2025 4:34,finalized,1073,6913,1,199.99,24/09/2025 4:34,digital,pLin
293124,16/09/2025 19:37,25/09/2025 20:52,finalized,379,6930,1,129.99,25/09/2025 20:52,efectivo,efectivo
294020,16/09/2025 5:37,19/09/2025 11:58,finalized,957,6990,1,299.98,19/09/2025 11:58,efectivo,efectivo
294886,16/09/2025 0:35,21/09/2025 1:06,finalized,1073,7054,1,199.99,21/09/2025 1:06,efectivo,efectivo
295013,16/09/2025 5:23,25/09/2025 14:37,finalized,1014,7063,1,49.98,25/09/2025 14:37,efectivo,efectivo
295908,16/09/2025 12:19,26/09/2025 17:49,finalized,341,7139,4,239.96,26/09/2025 17:49,efectivo,efectivo
296636,16/09/2025 14:49,23/09/2025 9:05,finalized,1004,7192,1,399.98,23/09/2025 9:05,Transferencia bancaria,bcp
296787,16/09/2025 1:34,19/09/2025 22:43,finalized,1073,7202,1,199.99,19/09/2025 22:43,digital,PliN
296894,16/09/2025 3:33,26/09/2025 1:01,finalized,579,7211,1,39.99,26/09/2025 1:01,efectivo,efectivo
296980,16/09/2025 12:47,19/09/2025 20:18,finalized,191,7215,5,499.95,19/09/2025 20:18,Transferencia bancaria,  Pichincha  
297153,16/09/2025 16:25,24/09/2025 2:02,finalized,1004,7226,1,399.98,24/09/2025 2:02,Transferencia bancaria,  Pichincha  
297867,16/09/2025 18:55,25/09/2025 18:06,finalized,579,7280,1,39.99,25/09/2025 18:06,digital,YAPe
298046,16/09/2025 6:58,26/09/2025 1:24,finalized,191,7293,4,399.96,26/09/2025 1:24,Transferencia bancaria,SCOTIABANK
298363,16/09/2025 1:34,20/09/2025 19:07,finalized,579,7318,2,79.98,20/09/2025 19:07,Transferencia bancaria, Scotiabank
298578,16/09/2025 3:51,21/09/2025 22:02,finalized,1004,7332,1,399.98,21/09/2025 22:02,Transferencia bancaria,Scotiabank
299488,16/09/2025 13:09,22/09/2025 16:19,finalized,478,7403,5,250.0,22/09/2025 16:19,efectivo,efectivo
299580,16/09/2025 8:49,27/09/2025 1:26,finalized,379,7411,1,129.99,27/09/2025 1:26,Transferencia bancaria,BBVA   
299654,16/09/2025 7:21,22/09/2025 17:54,finalized,341,7417,3,179.97,22/09/2025 17:54,efectivo,efectivo
299812,16/09/2025 19:57,23/09/2025 22:51,finalized,1004,7426,1,399.98,23/09/2025 22:51,digital,yapE
300028,16/09/2025 19:05,21/09/2025 10:55,finalized,1014,7441,3,149.94,21/09/2025 10:55,efectivo,efectivo
300061,16/09/2025 5:49,26/09/2025 7:02,finalized,341,7445,4,239.96,26/09/2025 7:02,digital,pLin
300130,16/09/2025 3:09,20/09/2025 13:35,finalized,341,7450,4,239.96,20/09/2025 13:35,efectivo,efectivo
300801,16/09/2025 3:27,22/09/2025 0:32,finalized,1004,7503,1,399.98,22/09/2025 0:32,Transferencia bancaria,bbvA
300820,16/09/2025 1:30,19/09/2025 20:18,finalized,577,7504,1,199.99,19/09/2025 20:18,Transferencia bancaria,BCP
301603,16/09/2025 4:19,19/09/2025 12:29,finalized,341,7568,3,179.97,19/09/2025 12:29,efectivo,efectivo
302788,16/09/2025 15:52,21/09/2025 11:24,finalized,478,7660,4,200.0,21/09/2025 11:24,Transferencia bancaria,BcP
302858,16/09/2025 12:27,27/09/2025 3:17,finalized,1004,7665,1,399.98,27/09/2025 3:17,digital,yapE
304225,16/09/2025 22:45,20/09/2025 18:07,finalized,1073,7771,1,199.99,20/09/2025 18:07,efectivo,efectivo
304790,16/09/2025 14:55,22/09/2025 14:14,finalized,191,7811,2,199.98,22/09/2025 14:14,digital,PliN
305433,16/09/2025 9:29,20/09/2025 21:53,finalized,787,7857,1,31.99,20/09/2025 21:53,efectivo,efectivo
305469,16/09/2025 13:16,25/09/2025 17:08,finalized,579,7858,3,119.97,25/09/2025 17:08,efectivo,efectivo
305900,16/09/2025 15:25,21/09/2025 21:22,finalized,1073,7891,1,199.99,21/09/2025 21:22,digital,YAPe
305929,16/09/2025 6:08,24/09/2025 8:51,finalized,478,7892,2,100.0,24/09/2025 8:51,digital,YAPe
306141,16/09/2025 22:01,22/09/2025 1:29,finalized,1073,7910,1,199.99,22/09/2025 1:29,digital,pLin
306404,16/09/2025 14:29,21/09/2025 19:12,finalized,1014,7933,3,149.94,21/09/2025 19:12,Transferencia bancaria,Interbank
306461,16/09/2025 6:00,24/09/2025 1:10,finalized,1073,7939,1,199.99,24/09/2025 1:10,efectivo,efectivo
306723,16/09/2025 3:59,26/09/2025 8:41,finalized,1004,7958,1,399.98,26/09/2025 8:41,efectivo,efectivo
307022,16/09/2025 20:44,23/09/2025 5:24,finalized,599,7979,1,134.99,23/09/2025 5:24,digital,YAPe
307388,16/09/2025 4:55,26/09/2025 23:03,finalized,1004,8004,1,399.98,26/09/2025 23:03,efectivo,efectivo
307539,16/09/2025 10:29,25/09/2025 23:57,finalized,341,8013,5,299.95,25/09/2025 23:57,Transferencia bancaria,BBVA   
308037,16/09/2025 9:29,19/09/2025 10:21,finalized,478,8052,3,150.0,19/09/2025 10:21,efectivo,efectivo
308965,16/09/2025 13:17,21/09/2025 19:24,finalized,1004,8125,1,399.98,21/09/2025 19:24,efectivo,efectivo
310112,16/09/2025 10:26,24/09/2025 14:32,finalized,1073,8206,1,199.99,24/09/2025 14:32,efectivo,efectivo
310271,16/09/2025 11:48,22/09/2025 23:55,finalized,341,8219,1,59.99,22/09/2025 23:55,Transferencia bancaria, BCP   
310368,16/09/2025 23:24,21/09/2025 2:13,finalized,1004,8227,1,399.98,21/09/2025 2:13,Transferencia bancaria,PichinchA
310384,16/09/2025 17:11,25/09/2025 18:13,finalized,1073,8228,1,199.99,25/09/2025 18:13,Transferencia bancaria,BCP
310623,16/09/2025 21:29,24/09/2025 0:02,finalized,749,8251,1,17.99,24/09/2025 0:02,Transferencia bancaria,BCP
311193,16/09/2025 11:11,27/09/2025 3:46,finalized,478,8291,4,200.0,27/09/2025 3:46,Transferencia bancaria,bbvA
311333,16/09/2025 11:40,22/09/2025 20:27,finalized,341,8300,5,299.95,22/09/2025 20:27,efectivo,efectivo
312031,16/09/2025 0:35,22/09/2025 6:26,finalized,191,8356,1,99.99,22/09/2025 6:26,digital,YAPe
312144,16/09/2025 19:40,26/09/2025 12:17,finalized,723,8365,5,199.95,26/09/2025 12:17,digital,pLin
312648,16/09/2025 0:43,23/09/2025 4:47,finalized,341,8396,4,239.96,23/09/2025 4:47,Transferencia bancaria, BCP   
312693,16/09/2025 8:32,24/09/2025 5:44,finalized,379,8398,1,129.99,24/09/2025 5:44,efectivo,efectivo
313058,16/09/2025 20:51,20/09/2025 7:28,finalized,623,8424,1,209.99,20/09/2025 7:28,Transferencia bancaria,Scotiabank
313266,16/09/2025 15:02,23/09/2025 18:33,finalized,478,8440,5,250.0,23/09/2025 18:33,Transferencia bancaria,BBVA   
313440,16/09/2025 1:42,22/09/2025 18:55,finalized,1014,8457,5,249.9,22/09/2025 18:55,efectivo,efectivo
313698,16/09/2025 3:38,23/09/2025 19:56,finalized,1073,8477,1,199.99,23/09/2025 19:56,digital,pLin
313711,16/09/2025 19:10,22/09/2025 19:33,finalized,478,8478,4,200.0,22/09/2025 19:33,Transferencia bancaria,bcp
313810,16/09/2025 21:36,24/09/2025 23:59,finalized,191,8485,1,99.99,24/09/2025 23:59,digital,YAPe
314153,16/09/2025 0:34,23/09/2025 14:48,finalized,957,8511,1,299.98,23/09/2025 14:48,efectivo,efectivo
315471,16/09/2025 20:41,26/09/2025 3:04,finalized,541,8610,5,350.0,26/09/2025 3:04,digital,YAPe
316187,16/09/2025 10:02,26/09/2025 23:22,finalized,341,8658,3,179.97,26/09/2025 23:22,digital,pLin
316564,16/09/2025 18:02,27/09/2025 6:44,finalized,1073,8683,1,199.99,27/09/2025 6:44,efectivo,efectivo
316913,16/09/2025 16:02,25/09/2025 18:03,finalized,37,8707,5,174.95,25/09/2025 18:03,digital,pLin
317162,16/09/2025 12:08,25/09/2025 18:45,finalized,795,8723,2,199.9,25/09/2025 18:45,digital,pLin
317566,16/09/2025 21:05,23/09/2025 13:00,finalized,1073,8757,1,199.99,23/09/2025 13:00,Transferencia bancaria,BcP
318301,16/09/2025 2:24,21/09/2025 5:44,finalized,478,8808,1,50.0,21/09/2025 5:44,digital,PliN
318775,16/09/2025 10:02,22/09/2025 23:23,finalized,379,8844,1,129.99,22/09/2025 23:23,Transferencia bancaria,scotiabank
319195,16/09/2025 6:50,19/09/2025 14:51,finalized,191,8875,1,99.99,19/09/2025 14:51,efectivo,efectivo
319407,16/09/2025 4:46,20/09/2025 5:30,finalized,1014,8892,1,49.98,20/09/2025 5:30,efectivo,efectivo
320637,16/09/2025 18:42,20/09/2025 21:26,finalized,579,8978,5,199.95,20/09/2025 21:26,Transferencia bancaria,PichinchA
321245,16/09/2025 9:36,21/09/2025 15:20,finalized,191,9019,1,99.99,21/09/2025 15:20,Transferencia bancaria,Scotiabank
321837,16/09/2025 10:17,22/09/2025 15:33,finalized,762,9065,4,79.96,22/09/2025 15:33,digital,yapE
322167,16/09/2025 18:14,22/09/2025 18:45,finalized,882,9088,5,124.95,22/09/2025 18:45,Transferencia bancaria,pichincha
322595,16/09/2025 7:00,22/09/2025 11:57,finalized,543,9117,1,25.0,22/09/2025 11:57,Transferencia bancaria,  Pichincha  
322904,16/09/2025 18:22,20/09/2025 19:22,finalized,191,9141,1,99.99,20/09/2025 19:22,efectivo,efectivo
323640,16/09/2025 10:34,23/09/2025 13:01,finalized,957,9194,1,299.98,23/09/2025 13:01,digital,PliN
323765,16/09/2025 12:00,26/09/2025 10:57,finalized,191,9200,1,99.99,26/09/2025 10:57,digital,YAPe
324110,16/09/2025 9:08,20/09/2025 23:17,finalized,1004,9230,1,399.98,20/09/2025 23:17,efectivo,efectivo
324457,16/09/2025 19:18,21/09/2025 16:58,finalized,957,9252,1,299.98,21/09/2025 16:58,efectivo,efectivo
324626,16/09/2025 11:26,20/09/2025 7:41,finalized,379,9264,1,129.99,20/09/2025 7:41,digital,yapE
324692,16/09/2025 16:07,25/09/2025 16:09,finalized,775,9271,3,155.97,25/09/2025 16:09,Transferencia bancaria, BCP   
324710,16/09/2025 12:20,23/09/2025 4:05,finalized,191,9271,1,99.99,23/09/2025 4:05,digital,yapE
325003,16/09/2025 11:32,19/09/2025 13:37,finalized,1014,9291,4,199.92,19/09/2025 13:37,digital,PliN
325425,16/09/2025 5:58,20/09/2025 19:41,finalized,273,9320,4,111.96,20/09/2025 19:41,Transferencia bancaria,BBVA   
325816,16/09/2025 23:09,22/09/2025 14:38,finalized,341,9348,3,179.97,22/09/2025 14:38,efectivo,efectivo
325884,16/09/2025 10:33,23/09/2025 1:43,finalized,777,9352,1,31.99,23/09/2025 1:43,efectivo,efectivo
326240,16/09/2025 18:12,22/09/2025 23:34,finalized,478,9374,1,50.0,22/09/2025 23:34,efectivo,efectivo
326502,16/09/2025 20:14,21/09/2025 11:30,finalized,861,9392,5,124.95,21/09/2025 11:30,digital,pLin
326981,16/09/2025 3:04,20/09/2025 9:46,finalized,957,9426,1,299.98,20/09/2025 9:46,Transferencia bancaria,bcp
326989,16/09/2025 18:28,27/09/2025 17:08,finalized,379,9427,1,129.99,27/09/2025 17:08,efectivo,efectivo
327235,16/09/2025 15:23,23/09/2025 8:55,finalized,579,9447,3,119.97,23/09/2025 8:55,efectivo,efectivo
327556,16/09/2025 4:36,23/09/2025 10:48,finalized,127,9471,1,329.99,23/09/2025 10:48,digital,YAPe
328316,16/09/2025 3:10,19/09/2025 14:22,finalized,1073,9524,1,199.99,19/09/2025 14:22,Transferencia bancaria,BcP
328521,16/09/2025 23:43,26/09/2025 3:19,finalized,1073,9540,1,199.99,26/09/2025 3:19,efectivo,efectivo
328952,16/09/2025 17:08,25/09/2025 6:34,finalized,341,9570,1,59.99,25/09/2025 6:34,digital,YAPe
329094,16/09/2025 6:36,21/09/2025 23:41,finalized,579,9578,3,119.97,21/09/2025 23:41,Transferencia bancaria,BBVA   
329156,16/09/2025 20:01,25/09/2025 19:46,finalized,1004,9581,1,399.98,25/09/2025 19:46,digital,PliN
329765,16/09/2025 23:08,27/09/2025 1:10,finalized,379,9625,1,129.99,27/09/2025 1:10,digital,yapE
329991,16/09/2025 6:35,23/09/2025 5:17,finalized,191,9642,5,499.95,23/09/2025 5:17,Transferencia bancaria,pichincha
330968,16/09/2025 17:02,22/09/2025 21:20,finalized,44,9713,5,299.95,22/09/2025 21:20,digital,YAPe
331012,16/09/2025 4:09,26/09/2025 11:35,finalized,379,9715,1,129.99,26/09/2025 11:35,digital,pLin
331573,16/09/2025 21:50,26/09/2025 18:26,finalized,1004,9748,1,399.98,26/09/2025 18:26,digital,pLin
331841,16/09/2025 9:55,19/09/2025 16:47,finalized,379,9769,1,129.99,19/09/2025 16:47,digital,PliN
332194,16/09/2025 23:48,24/09/2025 11:57,finalized,379,9797,1,129.99,24/09/2025 11:57,efectivo,efectivo
333065,16/09/2025 6:32,24/09/2025 23:21,finalized,478,9864,1,50.0,24/09/2025 23:21,efectivo,efectivo
333301,16/09/2025 19:25,24/09/2025 18:49,finalized,341,9880,3,179.97,24/09/2025 18:49,Transferencia bancaria,bcp
333392,16/09/2025 20:20,24/09/2025 10:15,finalized,957,9886,1,299.98,24/09/2025 10:15,digital,pLin
333612,16/09/2025 21:13,20/09/2025 13:38,finalized,379,9901,1,129.99,20/09/2025 13:38,digital,PliN
334313,16/09/2025 14:15,24/09/2025 3:41,finalized,341,9955,3,179.97,24/09/2025 3:41,Transferencia bancaria,bbvA
334556,16/09/2025 2:18,24/09/2025 22:03,finalized,478,9972,2,100.0,24/09/2025 22:03,digital,yapE
334746,16/09/2025 14:33,20/09/2025 9:51,finalized,1014,9988,5,249.9,20/09/2025 9:51,digital,pLin
334871,16/09/2025 8:38,27/09/2025 6:38,finalized,379,9996,1,129.99,27/09/2025 6:38,digital,pLin
335282,16/09/2025 8:12,22/09/2025 15:42,finalized,1014,10026,3,149.94,22/09/2025 15:42,efectivo,efectivo
335425,16/09/2025 13:11,26/09/2025 23:53,finalized,478,10038,2,100.0,26/09/2025 23:53,efectivo,efectivo
335969,16/09/2025 4:31,24/09/2025 3:37,finalized,341,10077,2,119.98,24/09/2025 3:37,Transferencia bancaria,pichincha
336099,16/09/2025 22:07,23/09/2025 11:34,finalized,341,10085,3,179.97,23/09/2025 11:34,digital,YAPe
336248,16/09/2025 19:25,22/09/2025 13:13,finalized,1004,10096,1,399.98,22/09/2025 13:13,digital,pLin
336770,16/09/2025 9:24,24/09/2025 10:16,finalized,341,10134,5,299.95,24/09/2025 10:16,Transferencia bancaria,IntERBANK 
336820,16/09/2025 8:33,22/09/2025 20:17,finalized,379,10137,1,129.99,22/09/2025 20:17,Transferencia bancaria,Scotiabank
337287,16/09/2025 10:11,20/09/2025 13:59,finalized,379,10166,1,129.99,20/09/2025 13:59,Transferencia bancaria,BCP
337572,16/09/2025 11:23,19/09/2025 20:58,finalized,1073,10188,1,199.99,19/09/2025 20:58,Transferencia bancaria,BcP
337754,16/09/2025 7:49,27/09/2025 4:00,finalized,478,10203,5,250.0,27/09/2025 4:00,Transferencia bancaria,bcp
338998,16/09/2025 1:09,23/09/2025 22:13,finalized,341,10291,5,299.95,23/09/2025 22:13,efectivo,efectivo
339338,16/09/2025 15:56,26/09/2025 1:17,finalized,1073,10312,1,199.99,26/09/2025 1:17,Transferencia bancaria,  Pichincha  
342452,16/09/2025 18:30,21/09/2025 8:18,finalized,1073,10547,1,199.99,21/09/2025 8:18,Transferencia bancaria,bbvA
342472,16/09/2025 17:58,23/09/2025 7:59,finalized,1073,10549,1,199.99,23/09/2025 7:59,efectivo,efectivo
342792,16/09/2025 16:38,23/09/2025 20:16,finalized,478,10569,3,150.0,23/09/2025 20:16,Transferencia bancaria,bcp
344165,16/09/2025 11:47,20/09/2025 18:39,finalized,379,10667,1,129.99,20/09/2025 18:39,Transferencia bancaria,IntERBANK 
344652,16/09/2025 6:39,24/09/2025 0:15,finalized,579,10700,3,119.97,24/09/2025 0:15,efectivo,efectivo
345076,16/09/2025 23:25,27/09/2025 0:20,finalized,957,10733,1,299.98,27/09/2025 0:20,digital,PliN
345587,16/09/2025 19:46,24/09/2025 13:41,finalized,341,10770,4,239.96,24/09/2025 13:41,efectivo,efectivo
345644,16/09/2025 9:34,27/09/2025 0:51,finalized,379,10776,1,129.99,27/09/2025 0:51,efectivo,efectivo
345800,16/09/2025 17:49,21/09/2025 14:43,finalized,341,10786,3,179.97,21/09/2025 14:43,Transferencia bancaria,pichincha
347591,16/09/2025 2:06,22/09/2025 11:09,finalized,341,10908,1,59.99,22/09/2025 11:09,efectivo,efectivo
347907,16/09/2025 6:45,24/09/2025 9:28,finalized,924,10933,5,79.95,24/09/2025 9:28,Transferencia bancaria,BcP
348298,16/09/2025 16:01,22/09/2025 7:27,finalized,341,10962,3,179.97,22/09/2025 7:27,efectivo,efectivo
348313,16/09/2025 15:46,26/09/2025 3:05,finalized,723,10964,1,39.99,26/09/2025 3:05,Transferencia bancaria,BCP
349208,16/09/2025 0:53,24/09/2025 12:05,finalized,478,11033,1,50.0,24/09/2025 12:05,efectivo,efectivo
349841,16/09/2025 20:40,22/09/2025 14:48,finalized,341,11076,3,179.97,22/09/2025 14:48,Transferencia bancaria,PichinchA
350149,16/09/2025 11:22,26/09/2025 20:11,finalized,957,11100,1,299.98,26/09/2025 20:11,Transferencia bancaria,bcp
351225,16/09/2025 3:40,25/09/2025 17:51,finalized,1004,11171,1,399.98,25/09/2025 17:51,digital,PliN
351272,16/09/2025 12:29,21/09/2025 1:43,finalized,478,11175,3,150.0,21/09/2025 1:43,Transferencia bancaria,BcP
351877,16/09/2025 7:24,26/09/2025 21:50,finalized,1014,11226,1,49.98,26/09/2025 21:50,digital,pLin
352191,16/09/2025 9:56,23/09/2025 6:39,finalized,1004,11252,1,399.98,23/09/2025 6:39,efectivo,efectivo
352282,16/09/2025 10:57,22/09/2025 21:54,finalized,379,11260,1,129.99,22/09/2025 21:54,digital,yapE
352515,16/09/2025 8:38,27/09/2025 0:05,finalized,478,11277,2,100.0,27/09/2025 0:05,efectivo,efectivo
353069,16/09/2025 4:28,21/09/2025 1:28,finalized,1004,11317,1,399.98,21/09/2025 1:28,Transferencia bancaria,BCP
353134,16/09/2025 8:08,26/09/2025 11:30,finalized,1004,11323,1,399.98,26/09/2025 11:30,digital,yapE
353304,16/09/2025 20:22,24/09/2025 1:05,finalized,1004,11337,1,399.98,24/09/2025 1:05,Transferencia bancaria,Interbank
353317,16/09/2025 4:02,21/09/2025 23:20,finalized,1014,11338,1,49.98,21/09/2025 23:20,Transferencia bancaria, Scotiabank
353713,16/09/2025 12:06,21/09/2025 6:25,finalized,1014,11366,2,99.96,21/09/2025 6:25,digital,pLin
353942,16/09/2025 8:01,20/09/2025 16:28,finalized,1073,11382,1,199.99,20/09/2025 16:28,efectivo,efectivo
354355,16/09/2025 10:21,24/09/2025 16:02,finalized,379,11409,1,129.99,24/09/2025 16:02,digital,PliN
354689,16/09/2025 10:22,26/09/2025 5:33,finalized,478,11428,1,50.0,26/09/2025 5:33,Transferencia bancaria,BcP
354974,16/09/2025 5:35,27/09/2025 5:01,finalized,341,11448,5,299.95,27/09/2025 5:01,Transferencia bancaria,bbvA
355222,16/09/2025 20:01,25/09/2025 9:08,finalized,1073,11465,1,199.99,25/09/2025 9:08,digital,yapE
355608,16/09/2025 13:23,23/09/2025 23:50,finalized,379,11494,1,129.99,23/09/2025 23:50,digital,PliN
357059,16/09/2025 7:40,25/09/2025 12:51,finalized,191,11597,1,99.99,25/09/2025 12:51,digital,PliN
357473,16/09/2025 18:07,22/09/2025 19:52,finalized,1004,11630,1,399.98,22/09/2025 19:52,digital,PliN
358924,16/09/2025 1:27,21/09/2025 12:54,finalized,191,11734,3,299.97,21/09/2025 12:54,Transferencia bancaria,bcp
359294,16/09/2025 11:00,22/09/2025 11:16,finalized,780,11760,3,95.97,22/09/2025 11:16,digital,YAPe
360302,16/09/2025 3:48,25/09/2025 21:22,finalized,172,11828,5,150.0,25/09/2025 21:22,efectivo,efectivo
360383,16/09/2025 20:06,24/09/2025 17:55,finalized,379,11834,1,129.99,24/09/2025 17:55,Transferencia bancaria,bcp
360461,16/09/2025 6:10,21/09/2025 9:00,finalized,191,11840,5,499.95,21/09/2025 9:00,Transferencia bancaria,BcP
361456,16/09/2025 10:58,27/09/2025 1:35,finalized,1014,11913,5,249.9,27/09/2025 1:35,efectivo,efectivo
361561,16/09/2025 23:59,25/09/2025 0:03,finalized,1014,11921,3,149.94,25/09/2025 0:03,Transferencia bancaria, Scotiabank
361601,16/09/2025 12:22,20/09/2025 6:04,finalized,379,11923,1,129.99,20/09/2025 6:04,Transferencia bancaria,BcP
362383,16/09/2025 20:42,26/09/2025 1:19,finalized,1014,11979,2,99.96,26/09/2025 1:19,efectivo,efectivo
362501,16/09/2025 13:09,23/09/2025 23:15,finalized,478,11986,1,50.0,23/09/2025 23:15,Transferencia bancaria, Scotiabank
363453,16/09/2025 19:32,20/09/2025 7:24,finalized,341,12051,2,119.98,20/09/2025 7:24,digital,yapE
364041,16/09/2025 16:23,22/09/2025 13:12,finalized,379,12095,1,129.99,22/09/2025 13:12,Transferencia bancaria,BCP
364244,16/09/2025 23:35,27/09/2025 18:11,finalized,341,12108,4,239.96,27/09/2025 18:11,efectivo,efectivo
364284,16/09/2025 16:17,20/09/2025 7:28,finalized,341,12111,5,299.95,20/09/2025 7:28,efectivo,efectivo
364929,16/09/2025 15:18,21/09/2025 6:31,finalized,478,12159,3,150.0,21/09/2025 6:31,digital,YAPe
365072,16/09/2025 20:22,21/09/2025 13:48,finalized,579,12169,5,199.95,21/09/2025 13:48,efectivo,efectivo
365395,16/09/2025 4:38,21/09/2025 7:34,finalized,379,12192,1,129.99,21/09/2025 7:34,efectivo,efectivo
365793,16/09/2025 10:42,22/09/2025 9:21,finalized,379,12219,1,129.99,22/09/2025 9:21,efectivo,efectivo
367823,16/09/2025 3:49,19/09/2025 17:57,finalized,379,12365,1,129.99,19/09/2025 17:57,Transferencia bancaria,  Pichincha  
368233,16/09/2025 17:37,27/09/2025 9:57,finalized,44,12396,1,59.99,27/09/2025 9:57,efectivo,efectivo
368298,16/09/2025 17:03,27/09/2025 4:15,finalized,1073,12400,1,199.99,27/09/2025 4:15,Transferencia bancaria,bbvA
368527,16/09/2025 20:14,26/09/2025 9:36,cancelled,1004,12419,1,399.98,26/09/2025 9:36,efectivo,efectivo
368699,16/09/2025 5:01,21/09/2025 19:16,cancelled,191,12429,3,299.97,21/09/2025 19:16,digital,pLin
